x,y,z_reported,z_down,z_up,bias,down_spread,up_spread,reps,freq
85.000,75.000,0.065201,0.066052,0.065201,-0.000851,0.009760,0.004539,3,172.90
20.000,25.000,0.074393,0.101477,0.074393,-0.027084,0.000000,0.000000,1,172.90
20.000,25.000,0.084129,0.098196,0.084129,-0.014066,0.000000,0.000000,1,172.90
60.000,25.000,0.109204,0.115722,0.109204,-0.006518,0.000000,0.000000,1,172.90
60.000,25.000,0.100782,0.109449,0.100782,-0.008666,0.000000,0.000000,1,172.90
100.000,25.000,0.136535,0.122753,0.136535,0.013781,0.000000,0.000000,1,172.90
100.000,25.000,0.150066,0.139450,0.150066,0.010616,0.000000,0.000000,1,172.90
100.000,62.500,0.140017,0.134570,0.140017,0.005447,0.000000,0.000000,1,172.90
100.000,62.500,0.145397,0.135190,0.145397,0.010207,0.000000,0.000000,1,172.90
60.000,62.500,0.081780,0.074715,0.081780,0.007065,0.000000,0.000000,1,172.90
60.412,61.814,0.026027,0.069197,0.026027,-0.043169,0.000000,0.000000,1,172.90
60.412,61.814,0.008255,0.012749,0.008255,-0.004494,0.000000,0.000000,1,172.90
20.000,62.500,0.117063,0.115049,0.117063,0.002014,0.000000,0.000000,1,172.90
20.000,62.500,0.114292,0.109027,0.114292,0.005265,0.000000,0.000000,1,172.90
20.000,100.000,0.105391,0.100016,0.105391,0.005376,0.000000,0.000000,1,172.90
20.000,100.000,0.106117,0.096846,0.106117,0.009271,0.000000,0.000000,1,172.90
59.750,100.760,0.113989,0.120201,0.113989,-0.006211,0.000000,0.000000,1,172.90
60.000,100.000,0.070073,0.073669,0.070073,-0.003596,0.007242,0.029188,3,172.90
60.681,99.580,0.077560,0.076906,0.077560,0.000654,0.007470,0.011566,3,172.90
60.000,100.000,0.067440,0.072363,0.067440,-0.004923,0.009867,0.011566,3,172.90
85.000,75.000,0.065479,0.075526,0.055432,-0.020094,0.012893,0.126455,3,172.90
20.000,100.000,0.043205,0.035791,0.050619,0.014828,0.010513,0.002996,3,172.90
45.000,100.000,0.073078,0.077176,0.068980,-0.008196,0.019845,0.000570,3,172.90
60.000,100.000,0.055940,0.059465,0.052415,-0.007050,0.007077,0.016482,3,172.90
75.000,100.000,0.076607,0.068315,0.084899,0.016584,0.013389,0.000851,3,172.90
100.000,100.000,0.065053,0.050622,0.079484,0.028863,0.004004,0.001331,3,172.90
60.000,25.000,0.057526,0.055399,0.059652,0.004253,0.003459,0.002423,3,172.90
60.000,50.000,0.068285,0.051075,0.085495,0.034420,0.003880,0.002862,3,172.90
60.000,75.000,0.059823,0.079904,0.039741,-0.040163,0.015138,0.001251,3,172.90
60.000,52.500,0.066693,0.070886,0.062499,-0.008387,0.000000,0.000000,1,212.20
60.000,52.500,0.081704,0.081935,0.081472,-0.000463,0.000000,0.000000,1,212.20
20.000,25.000,0.049826,0.051078,0.048573,-0.002506,0.000000,0.000000,1,212.20
60.000,25.000,0.075343,0.074825,0.075862,0.001037,0.000000,0.000000,1,212.20
100.000,25.000,0.091102,0.092245,0.089959,-0.002286,0.000000,0.000000,1,212.20
100.000,62.500,0.007900,0.086622,-0.070822,-0.157444,0.000000,0.000000,1,212.20
60.000,62.500,0.052791,0.053376,0.052206,-0.001170,0.000000,0.000000,1,212.20
20.000,62.500,0.063155,0.060580,0.065731,0.005151,0.000000,0.000000,1,212.20
20.000,100.000,0.058140,0.051169,0.065111,0.013942,0.000000,0.000000,1,212.20
60.000,100.000,0.013974,0.064015,-0.036066,-0.100081,0.000000,0.000000,1,212.20
100.000,100.000,0.077767,0.070305,0.085229,0.014924,0.000000,0.000000,1,212.20
20.000,25.000,0.029607,0.031534,0.027680,-0.003854,0.000896,0.007574,3,172.90
20.000,25.000,0.044026,0.042978,0.045075,0.002096,0.010411,0.009541,3,172.90
60.000,25.000,0.073842,0.074011,0.073674,-0.000337,0.006199,0.015021,3,172.90
60.000,25.000,0.065759,0.065696,0.065821,0.000125,0.005207,0.008792,3,172.90
100.000,25.000,0.133016,0.132968,0.133064,0.000096,0.006707,0.002334,3,172.90
100.000,25.000,0.130041,0.123822,0.136260,0.012437,0.001130,0.002881,3,172.90
85.000,75.000,0.075925,0.070030,0.081820,0.011789,0.003071,0.002109,3,172.90
20.000,25.000,0.078616,0.079587,0.077644,-0.001943,0.008354,0.002037,3,172.90
20.000,25.000,0.031169,0.023722,0.038617,0.014895,0.002905,0.006634,3,172.90
85.000,75.000,0.032592,0.085856,-0.020672,-0.106529,0.000000,0.000000,1,212.20
85.000,75.000,-0.008430,0.092997,-0.109856,-0.202853,0.000000,0.000000,1,212.20
20.000,25.000,0.055785,0.056802,0.054769,-0.002033,0.000000,0.000000,1,212.20
60.000,25.000,0.081752,0.076192,0.087312,0.011120,0.000000,0.000000,1,212.20
100.000,25.000,0.098129,0.093734,0.102523,0.008789,0.000000,0.000000,1,212.20
100.000,62.500,0.084263,0.078498,0.090027,0.011529,0.000000,0.000000,1,212.20
60.000,62.500,0.059023,0.056028,0.062017,0.005989,0.000000,0.000000,1,212.20
20.000,62.500,0.062318,0.059119,0.065518,0.006399,0.000000,0.000000,1,212.20
20.000,100.000,0.057930,0.051485,0.064376,0.012891,0.000000,0.000000,1,212.20
60.000,100.000,0.070373,0.062234,0.078511,0.016277,0.000000,0.000000,1,212.20
100.000,100.000,0.032492,0.068826,-0.003843,-0.072669,0.000000,0.000000,1,212.20
85.000,75.000,0.077511,0.074240,0.080781,0.006541,0.011246,0.000999,2,172.90
85.000,75.000,0.070099,0.064511,0.075687,0.011177,0.005719,0.000920,3,172.90
85.000,75.000,0.074234,0.067409,0.081058,0.013648,0.004289,0.002277,3,172.90
85.000,75.000,0.075781,0.067591,0.083971,0.016379,0.002923,0.001561,3,172.90
85.000,75.000,0.076999,0.069338,0.084661,0.015324,0.000558,0.001129,3,172.90
85.000,75.000,0.073085,0.065702,0.080469,0.014767,0.003105,0.000314,3,172.90
85.000,75.000,0.075769,0.068081,0.083457,0.015377,0.003799,0.000342,3,172.90
85.000,75.000,0.079806,0.070773,0.088839,0.018066,0.004020,0.001727,3,172.90
85.000,75.000,0.080432,0.073719,0.087146,0.013427,0.009651,0.002759,10,172.90
20.000,25.000,0.045071,0.047403,0.042738,-0.004665,0.006068,0.010856,3,172.90
20.000,25.000,0.038566,0.038040,0.039092,0.001052,0.001211,0.005736,3,172.90
60.000,25.000,0.104760,0.106765,0.102754,-0.004011,0.004138,0.003589,3,172.90
20.000,25.000,0.041402,0.043051,0.039753,-0.003299,0.008824,0.001430,3,172.90
60.000,25.000,0.075317,0.069152,0.081483,0.012330,0.003071,0.003686,3,172.90
100.000,25.000,0.098130,0.093541,0.102718,0.009177,0.006628,0.001366,3,172.90
100.000,62.500,0.077179,0.066763,0.087594,0.020831,0.004368,0.001643,3,172.90
60.157,59.216,0.095198,0.103212,0.087183,-0.016029,0.000000,0.000000,1,172.90
60.000,60.000,0.098799,0.136024,0.061574,-0.074450,0.000000,0.000000,1,172.90
60.000,60.000,0.120182,0.118850,0.121514,0.002664,0.000000,0.000000,1,172.90
60.000,60.000,0.119573,0.116222,0.122924,0.006702,0.000000,0.000000,1,172.90
60.000,60.000,0.119506,0.112954,0.126058,0.013104,0.000000,0.000000,1,172.90
60.000,60.000,0.119953,0.113561,0.126345,0.012784,0.000000,0.000000,1,172.90
60.000,60.000,0.121701,0.114071,0.129330,0.015259,0.000000,0.000000,1,172.90
60.000,60.000,0.120033,0.114613,0.125453,0.010840,0.000000,0.000000,1,172.90
60.000,60.000,0.127721,0.125294,0.130147,0.004853,0.000000,0.000000,1,172.90
60.000,60.000,0.123931,0.114987,0.132875,0.017888,0.000000,0.000000,1,172.90
60.785,60.000,-0.117105,-0.147800,-0.086410,0.061390,0.000000,0.000000,1,85.16
59.302,59.609,0.065102,0.069997,0.060206,-0.009791,0.000000,0.000000,1,172.90
60.000,60.000,0.128322,0.124025,0.132620,0.008596,0.000000,0.000000,1,172.90
60.000,60.000,0.126220,0.122584,0.129855,0.007271,0.000000,0.000000,1,172.90
60.000,60.000,0.126027,0.122612,0.129442,0.006830,0.000000,0.000000,1,172.90
60.000,60.000,0.123633,0.121648,0.125618,0.003970,0.000000,0.000000,1,172.90
60.000,60.000,0.120250,0.119859,0.120640,0.000781,0.000000,0.000000,1,172.90
60.000,60.000,0.118461,0.118624,0.118298,-0.000326,0.000000,0.000000,1,172.90
60.000,60.000,0.121425,0.117056,0.125795,0.008739,0.000000,0.000000,1,172.90
60.000,60.000,0.120008,0.114581,0.125435,0.010853,0.000000,0.000000,1,172.90
60.000,60.000,0.123269,0.115257,0.131282,0.016025,0.000000,0.000000,1,172.90
60.743,60.000,0.033431,0.098083,-0.031221,-0.129304,0.000000,0.000000,1,214.04
60.743,60.000,0.016424,0.085369,-0.052520,-0.137889,0.000000,0.000000,1,214.04
60.000,60.000,0.116908,0.116451,0.117365,0.000914,0.000000,0.000000,1,214.00
60.000,60.000,0.109457,0.110900,0.108015,-0.002885,0.000000,0.000000,1,214.00
60.000,60.000,0.110786,0.106499,0.115072,0.008574,0.000000,0.000000,1,214.00
60.000,60.000,0.108037,0.107657,0.108418,0.000761,0.000000,0.000000,1,214.00
60.000,60.000,0.108902,0.103867,0.113936,0.010069,0.000000,0.000000,1,214.00
60.000,60.000,0.107502,0.103296,0.111709,0.008413,0.000000,0.000000,1,214.00
60.000,60.000,0.108729,0.102452,0.115005,0.012553,0.000000,0.000000,1,214.00
60.000,60.000,0.107119,0.104501,0.109737,0.005236,0.000000,0.000000,1,214.00
60.000,60.000,0.107114,0.102605,0.111623,0.009017,0.000000,0.000000,1,214.00
60.000,60.000,0.108914,0.103351,0.114477,0.011126,0.000000,0.000000,1,214.00
60.000,60.000,0.113766,0.112339,0.115193,0.002854,0.000000,0.000000,1,214.00
60.000,60.000,0.111054,0.106464,0.115643,0.009179,0.000000,0.000000,1,214.00
60.000,60.000,0.111512,0.105760,0.117265,0.011505,0.000000,0.000000,1,214.00
60.000,60.000,0.109725,0.105477,0.113973,0.008496,0.000000,0.000000,1,214.00
60.000,60.000,0.112544,0.105433,0.119655,0.014222,0.000000,0.000000,1,214.00
60.000,60.000,0.110618,0.103842,0.117394,0.013552,0.000000,0.000000,1,214.00
60.000,60.000,0.109853,0.104044,0.115661,0.011617,0.000000,0.000000,1,214.00
60.000,60.000,0.108716,0.101410,0.116021,0.014612,0.000000,0.000000,1,214.00
60.000,60.000,0.110924,0.103866,0.117982,0.014116,0.000000,0.000000,1,214.00
60.000,60.000,0.110610,0.105133,0.116088,0.010955,0.000000,0.000000,1,214.00
60.000,60.000,0.117336,0.124107,0.110564,-0.013543,0.000000,0.000000,1,214.00
60.000,60.000,0.107732,0.109862,0.105603,-0.004260,0.000000,0.000000,1,214.00
60.000,60.000,0.107154,0.108480,0.105827,-0.002652,0.000000,0.000000,1,214.00
60.000,60.000,0.108151,0.105486,0.110816,0.005330,0.000000,0.000000,1,214.00
60.000,60.000,0.106220,0.107414,0.105027,-0.002387,0.000000,0.000000,1,214.00
60.000,60.000,0.110536,0.108855,0.112218,0.003363,0.000000,0.000000,1,214.00
60.000,60.000,0.110562,0.109232,0.111891,0.002659,0.000000,0.000000,1,214.00
60.000,60.000,0.110958,0.111675,0.110241,-0.001435,0.000000,0.000000,1,214.00
60.000,60.000,0.107223,0.107317,0.107128,-0.000189,0.000000,0.000000,1,214.00
60.000,60.000,0.107292,0.105346,0.109238,0.003892,0.000000,0.000000,1,214.00
60.000,60.000,0.109423,0.106579,0.112268,0.005689,0.000000,0.000000,1,214.00
60.000,60.000,0.108864,0.109456,0.108272,-0.001185,0.000000,0.000000,1,214.00
60.000,60.000,0.109796,0.108933,0.110659,0.001726,0.000000,0.000000,1,214.00
60.000,60.000,0.107212,0.108495,0.105929,-0.002567,0.000000,0.000000,1,214.00
60.000,60.000,0.110771,0.105898,0.115644,0.009746,0.000000,0.000000,1,214.00
60.000,60.000,0.105650,0.105984,0.105316,-0.000668,0.000000,0.000000,1,214.00
60.000,60.000,0.111279,0.105762,0.116796,0.011035,0.000000,0.000000,1,214.00
60.000,60.000,0.106555,0.106546,0.106564,0.000018,0.000000,0.000000,1,214.00
60.000,60.000,0.107275,0.106692,0.107857,0.001165,0.000000,0.000000,1,214.00
60.000,60.000,0.110866,0.109252,0.112480,0.003227,0.000000,0.000000,1,214.00
60.000,60.000,0.091222,0.086009,0.096436,0.010427,0.000000,0.000000,1,214.00
60.000,60.000,0.093189,0.089272,0.097107,0.007835,0.000000,0.000000,1,214.00
60.000,60.000,0.090603,0.085915,0.095291,0.009376,0.000000,0.000000,1,214.00
60.000,60.000,0.086882,0.081078,0.092686,0.011608,0.000000,0.000000,1,214.00
60.000,60.000,0.092156,0.086743,0.097568,0.010825,0.000000,0.000000,1,214.00
60.000,60.000,0.085408,0.080350,0.090467,0.010117,0.000000,0.000000,1,214.00
60.000,60.000,0.082039,0.077866,0.086212,0.008347,0.000000,0.000000,1,214.00
60.000,60.000,0.089464,0.084534,0.094393,0.009860,0.000000,0.000000,1,214.00
60.000,60.000,0.082074,0.077902,0.086246,0.008344,0.000000,0.000000,1,214.00
60.000,60.000,0.083596,0.079104,0.088088,0.008983,0.000000,0.000000,1,214.00
60.000,60.000,0.087222,0.080779,0.093666,0.012887,0.000000,0.000000,1,214.00
60.000,60.000,0.092333,0.085432,0.099234,0.013801,0.000000,0.000000,1,214.00
60.000,60.000,0.090546,0.084395,0.096697,0.012303,0.000000,0.000000,1,214.00
60.000,60.000,0.090335,0.084029,0.096641,0.012611,0.000000,0.000000,1,214.00
60.000,60.000,0.088167,0.083147,0.093186,0.010039,0.000000,0.000000,1,214.00
60.000,60.000,0.087874,0.082061,0.093687,0.011626,0.000000,0.000000,1,214.00
60.000,60.000,0.088878,0.082743,0.095013,0.012270,0.000000,0.000000,1,214.00
60.000,60.000,0.089099,0.080747,0.097451,0.016704,0.000000,0.000000,1,214.00
60.000,60.000,0.086446,0.082381,0.090511,0.008131,0.000000,0.000000,1,214.00
60.000,60.000,0.090972,0.085073,0.096871,0.011798,0.000000,0.000000,1,214.00
60.000,60.000,0.095392,0.094819,0.095966,0.001147,0.000000,0.000000,1,214.00
60.000,60.000,0.089822,0.089335,0.090309,0.000974,0.000000,0.000000,1,214.00
60.000,60.000,0.088035,0.084857,0.091213,0.006356,0.000000,0.000000,1,214.00
60.000,60.000,0.086816,0.083615,0.090017,0.006402,0.000000,0.000000,1,214.00
60.000,60.000,0.085224,0.082658,0.087789,0.005131,0.000000,0.000000,1,214.00
60.000,60.000,0.084625,0.081028,0.088223,0.007195,0.000000,0.000000,1,214.00
60.000,60.000,0.086792,0.082891,0.090693,0.007802,0.000000,0.000000,1,214.00
60.000,60.000,0.086826,0.083019,0.090634,0.007615,0.000000,0.000000,1,214.00
60.000,60.000,0.086995,0.083922,0.090068,0.006146,0.000000,0.000000,1,214.00
60.000,60.000,0.088430,0.081724,0.095136,0.013412,0.000000,0.000000,1,214.00
60.000,60.000,0.086332,0.082637,0.090028,0.007390,0.000000,0.000000,1,214.00
60.000,60.000,0.090564,0.086739,0.094390,0.007651,0.000000,0.000000,1,214.00
60.000,60.000,0.089456,0.085354,0.093559,0.008206,0.000000,0.000000,1,214.00
60.000,60.000,0.090108,0.084448,0.095768,0.011320,0.000000,0.000000,1,214.00
60.000,60.000,0.091144,0.087356,0.094932,0.007576,0.000000,0.000000,1,214.00
60.000,60.000,0.091525,0.084938,0.098112,0.013175,0.000000,0.000000,1,214.00
60.000,60.000,0.088836,0.082340,0.095332,0.012992,0.000000,0.000000,1,214.00
60.000,60.000,0.089404,0.082557,0.096251,0.013694,0.000000,0.000000,1,214.00
60.000,60.000,0.086106,0.082167,0.090046,0.007879,0.000000,0.000000,1,214.00
60.000,60.000,0.087464,0.080724,0.094204,0.013479,0.000000,0.000000,1,214.00
60.000,60.000,0.089623,0.083302,0.095944,0.012642,0.000000,0.000000,1,214.00
60.000,60.000,0.092300,0.085215,0.099386,0.014171,0.000000,0.000000,1,214.00
60.000,60.000,0.089572,0.084717,0.094427,0.009710,0.000000,0.000000,1,214.00
60.000,60.000,0.090699,0.084568,0.096830,0.012263,0.000000,0.000000,1,214.00
60.000,60.000,0.092361,0.084928,0.099794,0.014865,0.000000,0.000000,1,214.00
60.000,60.000,0.089545,0.083006,0.096084,0.013077,0.000000,0.000000,1,214.00
60.000,60.000,0.088928,0.081771,0.096085,0.014314,0.000000,0.000000,1,214.00
60.000,60.000,0.089579,0.084153,0.095004,0.010850,0.000000,0.000000,1,214.00
60.000,60.000,0.090540,0.082900,0.098181,0.015281,0.000000,0.000000,1,214.00
60.000,60.000,0.089566,0.082407,0.096726,0.014319,0.000000,0.000000,1,214.00
20.000,25.000,0.070499,0.072276,0.068722,-0.003554,0.000000,0.000000,1,214.00
20.000,25.000,0.070125,0.070202,0.070048,-0.000155,0.000000,0.000000,1,214.00
60.000,25.000,0.100337,0.101685,0.098989,-0.002696,0.000000,0.000000,1,214.00
60.000,25.000,0.099481,0.099178,0.099783,0.000605,0.000000,0.000000,1,214.00
100.000,25.000,0.105031,0.099651,0.110411,0.010760,0.000000,0.000000,1,214.00
100.000,25.000,0.099418,0.095554,0.103282,0.007727,0.000000,0.000000,1,214.00
100.000,62.500,0.088339,0.076325,0.100354,0.024029,0.000000,0.000000,1,214.00
100.000,62.500,0.084882,0.075384,0.094381,0.018996,0.000000,0.000000,1,214.00
60.000,62.500,0.039526,0.074212,0.004840,-0.069373,0.000000,0.000000,1,214.00
60.000,62.500,-0.022302,0.075747,-0.120351,-0.196098,0.000000,0.000000,1,214.00
60.106,61.707,-0.066927,-0.027914,-0.105939,-0.078025,0.000000,0.000000,1,214.00
60.106,61.707,0.085307,0.081159,0.089455,0.008296,0.000000,0.000000,1,214.00
60.634,62.988,0.084139,0.078469,0.089810,0.011341,0.000000,0.000000,1,214.00
60.634,62.988,0.049049,0.078634,0.019464,-0.059170,0.000000,0.000000,1,214.00
59.260,62.805,0.052962,0.079636,0.026287,-0.053349,0.000000,0.000000,1,214.00
59.260,62.805,-0.019274,0.074633,-0.113182,-0.187814,0.000000,0.000000,1,214.00
20.000,25.000,0.063609,0.067728,0.059489,-0.008240,0.000000,0.000000,1,214.00
20.000,25.000,0.065678,0.066814,0.064541,-0.002273,0.000000,0.000000,1,214.00
60.000,25.000,0.098405,0.097656,0.099153,0.001497,0.000000,0.000000,1,214.00
60.000,25.000,0.097921,0.097552,0.098291,0.000739,0.000000,0.000000,1,214.00
100.000,25.000,0.095766,0.092830,0.098701,0.005871,0.000000,0.000000,1,214.00
100.000,25.000,0.097659,0.093404,0.101915,0.008511,0.000000,0.000000,1,214.00
100.000,62.500,0.086151,0.075796,0.096506,0.020710,0.000000,0.000000,1,214.00
100.000,62.500,0.084879,0.073802,0.095957,0.022155,0.000000,0.000000,1,214.00
60.000,62.500,0.083970,0.073962,0.093979,0.020017,0.000000,0.000000,1,214.00
60.000,62.500,0.022596,0.039859,0.005332,-0.034527,0.000000,0.000000,1,214.00
59.288,62.136,0.090738,0.088680,0.092796,0.004116,0.000000,0.000000,1,214.00
59.288,62.136,0.091273,0.085435,0.097111,0.011676,0.000000,0.000000,1,214.00
20.000,62.500,0.109632,0.106944,0.112320,0.005376,0.000000,0.000000,1,214.00
20.000,62.500,0.105836,0.103886,0.107785,0.003899,0.000000,0.000000,1,214.00
20.000,100.000,0.088154,0.081456,0.094852,0.013396,0.000000,0.000000,1,214.00
20.000,100.000,0.087107,0.076619,0.097595,0.020976,0.000000,0.000000,1,214.00
60.000,100.000,0.092075,0.085885,0.098264,0.012378,0.000000,0.000000,1,214.00
60.000,100.000,0.088714,0.079692,0.097735,0.018043,0.000000,0.000000,1,214.00
100.000,100.000,0.042761,0.014188,0.071333,0.057145,0.000000,0.000000,1,214.00
100.000,100.000,0.051690,0.031760,0.071619,0.039859,0.000000,0.000000,1,214.00
60.000,60.000,0.085761,0.085116,0.086406,0.001289,0.000000,0.000000,1,214.00
60.000,60.000,0.079194,0.075021,0.083367,0.008346,0.000000,0.000000,1,214.00
60.000,60.000,0.079506,0.074846,0.084166,0.009321,0.000000,0.000000,1,214.00
60.000,60.000,0.082132,0.073880,0.090383,0.016503,0.000000,0.000000,1,214.00
60.000,60.000,0.078778,0.073341,0.084215,0.010874,0.000000,0.000000,1,214.00
60.000,60.000,0.081402,0.073808,0.088996,0.015189,0.000000,0.000000,1,214.00
60.000,60.000,0.077506,0.072024,0.082988,0.010964,0.000000,0.000000,1,214.00
60.000,60.000,0.083057,0.075336,0.090778,0.015442,0.000000,0.000000,1,214.00
60.000,60.000,0.082239,0.077333,0.087145,0.009812,0.000000,0.000000,1,214.00
60.000,60.000,0.079297,0.075782,0.082812,0.007030,0.000000,0.000000,1,214.00
60.000,60.000,0.083746,0.077827,0.089665,0.011838,0.000000,0.000000,1,214.00
60.000,60.000,0.082936,0.076906,0.088965,0.012059,0.000000,0.000000,1,214.00
60.000,60.000,0.081317,0.077570,0.085065,0.007495,0.000000,0.000000,1,214.00
60.000,60.000,0.080462,0.076858,0.084067,0.007209,0.000000,0.000000,1,214.00
60.000,60.000,0.082389,0.076274,0.088504,0.012230,0.000000,0.000000,1,214.00
60.000,60.000,0.086076,0.079277,0.092875,0.013597,0.000000,0.000000,1,214.00
60.000,60.000,0.085776,0.079226,0.092326,0.013100,0.000000,0.000000,1,214.00
60.000,60.000,0.086817,0.081565,0.092070,0.010506,0.000000,0.000000,1,214.00
60.000,60.000,0.086442,0.079466,0.093419,0.013952,0.000000,0.000000,1,214.00
60.000,60.000,0.087454,0.081482,0.093427,0.011945,0.000000,0.000000,1,214.00
60.000,60.000,0.090152,0.082443,0.097861,0.015418,0.000000,0.000000,1,214.00
60.000,60.000,0.089460,0.081908,0.097011,0.015104,0.000000,0.000000,1,214.00
60.000,60.000,0.090334,0.082922,0.097746,0.014824,0.000000,0.000000,1,214.00
60.000,60.000,0.091859,0.084290,0.099428,0.015138,0.000000,0.000000,1,214.00
60.000,60.000,0.087424,0.082386,0.092463,0.010077,0.000000,0.000000,1,214.00
60.000,60.000,0.085425,0.081265,0.089585,0.008319,0.000000,0.000000,1,214.00
60.000,60.000,0.090165,0.084190,0.096141,0.011951,0.000000,0.000000,1,214.00
60.000,60.000,0.088151,0.084458,0.091844,0.007386,0.000000,0.000000,1,214.00
60.000,60.000,0.090055,0.084112,0.095999,0.011887,0.000000,0.000000,1,214.00
60.000,60.000,0.086447,0.082310,0.090584,0.008274,0.000000,0.000000,1,214.00
60.000,60.000,0.087226,0.081800,0.092652,0.010852,0.000000,0.000000,1,214.00
60.000,60.000,0.091704,0.084265,0.099144,0.014879,0.000000,0.000000,1,214.00
60.000,60.000,0.088114,0.082442,0.093786,0.011344,0.000000,0.000000,1,214.00
60.000,60.000,0.087871,0.082500,0.093243,0.010743,0.000000,0.000000,1,214.00
60.000,60.000,0.088123,0.083414,0.092833,0.009419,0.000000,0.000000,1,214.00
60.000,60.000,0.088625,0.084566,0.092684,0.008118,0.000000,0.000000,1,214.00
60.000,60.000,0.089145,0.084697,0.093594,0.008897,0.000000,0.000000,1,214.00
60.000,60.000,0.090997,0.084116,0.097877,0.013761,0.000000,0.000000,1,214.00
60.000,60.000,0.091160,0.084623,0.097697,0.013074,0.000000,0.000000,1,214.00
60.000,60.000,0.089414,0.084801,0.094027,0.009226,0.000000,0.000000,1,214.00
60.000,60.000,0.082844,0.084210,0.081478,-0.002732,0.000000,0.000000,1,214.00
60.000,60.000,0.078723,0.072211,0.085234,0.013023,0.000000,0.000000,1,214.00
60.000,60.000,0.078028,0.071067,0.084990,0.013923,0.000000,0.000000,1,214.00
60.000,60.000,0.078910,0.072303,0.085517,0.013214,0.000000,0.000000,1,214.00
60.000,60.000,0.073773,0.068721,0.078825,0.010105,0.000000,0.000000,1,214.00
60.000,60.000,0.079183,0.070763,0.087602,0.016839,0.000000,0.000000,1,214.00
60.000,60.000,0.076440,0.070752,0.082128,0.011376,0.000000,0.000000,1,214.00
60.000,60.000,0.076693,0.070336,0.083050,0.012714,0.000000,0.000000,1,214.00
60.000,60.000,0.077169,0.070981,0.083356,0.012375,0.000000,0.000000,1,214.00
60.000,60.000,0.079492,0.071165,0.087819,0.016654,0.000000,0.000000,1,214.00
60.000,60.000,0.081220,0.072480,0.089961,0.017481,0.000000,0.000000,1,214.00
60.000,60.000,0.081691,0.073376,0.090005,0.016629,0.000000,0.000000,1,214.00
60.000,60.000,0.080849,0.074126,0.087572,0.013446,0.000000,0.000000,1,214.00
60.000,60.000,0.079601,0.066853,0.092348,0.025494,0.000000,0.000000,1,214.00
60.000,60.000,0.079235,0.071792,0.086679,0.014887,0.000000,0.000000,1,214.00
60.000,60.000,0.082831,0.075641,0.090021,0.014380,0.000000,0.000000,1,214.00
60.000,60.000,0.081294,0.073646,0.088942,0.015296,0.000000,0.000000,1,214.00
60.000,60.000,0.084881,0.074549,0.095213,0.020664,0.000000,0.000000,1,214.00
60.000,60.000,0.081493,0.072620,0.090367,0.017747,0.000000,0.000000,1,214.00
60.000,60.000,0.082813,0.073278,0.092349,0.019071,0.000000,0.000000,1,214.00
60.000,60.000,0.056528,0.020168,0.092887,0.072719,0.000000,0.000000,1,214.00
60.000,60.000,0.082545,0.073938,0.091152,0.017214,0.000000,0.000000,1,214.00
60.000,60.000,0.084837,0.074048,0.095626,0.021578,0.000000,0.000000,1,214.00
60.000,60.000,0.084160,0.074050,0.094270,0.020220,0.000000,0.000000,1,214.00
60.000,60.000,0.083210,0.074034,0.092385,0.018352,0.000000,0.000000,1,214.00
60.000,60.000,0.078973,0.046524,0.111423,0.064899,0.000000,0.000000,1,214.00
60.000,60.000,-0.070675,-0.010623,-0.130728,-0.120104,0.000000,0.000000,1,214.00
60.000,60.000,0.053321,0.012879,0.093763,0.080884,0.000000,0.000000,1,214.00
60.000,60.000,0.020502,-0.012618,0.053622,0.066240,0.000000,0.000000,1,214.00
60.000,60.000,0.086158,0.076930,0.095386,0.018456,0.000000,0.000000,1,214.00
60.000,60.000,0.052374,0.009294,0.095453,0.086159,0.000000,0.000000,1,214.00
60.000,60.000,0.031894,0.013555,0.050233,0.036677,0.000000,0.000000,1,214.00
60.000,60.000,0.087477,0.078322,0.096632,0.018311,0.000000,0.000000,1,214.00
60.000,60.000,0.085536,0.075773,0.095298,0.019525,0.000000,0.000000,1,214.00
60.000,60.000,0.052248,0.012840,0.091656,0.078816,0.000000,0.000000,1,214.00
60.000,60.000,0.082766,0.074835,0.090697,0.015863,0.000000,0.000000,1,214.00
60.000,60.000,0.096922,0.080848,0.112995,0.032147,0.000000,0.000000,1,214.00
60.000,60.000,-0.047352,0.004014,-0.098718,-0.102732,0.000000,0.000000,1,214.00
60.000,60.000,0.003945,-0.013078,0.020967,0.034045,0.000000,0.000000,1,214.00
60.000,60.000,-0.079978,-0.021749,-0.138207,-0.116458,0.000000,0.000000,1,214.00
60.743,60.000,0.089055,0.093544,0.084566,-0.008978,0.000000,0.000000,1,213.59
60.743,60.000,0.086336,0.082881,0.089791,0.006910,0.000000,0.000000,1,213.59
60.000,60.000,-0.017125,0.076211,-0.110461,-0.186672,0.000000,0.000000,1,213.60
60.000,60.000,-0.009686,0.067042,-0.086414,-0.153456,0.000000,0.000000,1,213.60
60.000,60.000,-0.001345,0.068977,-0.071667,-0.140644,0.000000,0.000000,1,213.60
60.000,60.000,-0.014556,0.069216,-0.098328,-0.167544,0.000000,0.000000,1,213.60
60.000,60.000,-0.013659,0.066939,-0.094258,-0.161197,0.000000,0.000000,1,213.60
60.000,60.000,-0.001125,0.069241,-0.071492,-0.140733,0.000000,0.000000,1,213.60
60.000,60.000,-0.005458,0.069799,-0.080716,-0.150516,0.000000,0.000000,1,213.60
60.000,60.000,-0.005512,0.069907,-0.080930,-0.150837,0.000000,0.000000,1,213.60
60.000,60.000,-0.019823,0.070761,-0.110406,-0.181167,0.000000,0.000000,1,213.60
60.000,60.000,0.006077,0.071425,-0.059271,-0.130697,0.000000,0.000000,1,213.60
60.000,60.000,-0.004370,0.068970,-0.077711,-0.146681,0.000000,0.000000,1,213.60
60.000,60.000,0.007348,0.070539,-0.055844,-0.126382,0.000000,0.000000,1,213.60
60.000,60.000,-0.002635,0.070146,-0.075417,-0.145563,0.000000,0.000000,1,213.60
60.000,60.000,-0.013650,0.067867,-0.095168,-0.163035,0.000000,0.000000,1,213.60
60.000,60.000,-0.019659,0.069118,-0.108436,-0.177554,0.000000,0.000000,1,213.60
60.000,60.000,-0.008962,0.070068,-0.087993,-0.158062,0.000000,0.000000,1,213.60
60.000,60.000,-0.005443,0.070796,-0.081683,-0.152479,0.000000,0.000000,1,213.60
60.000,60.000,0.004118,0.071931,-0.063694,-0.135625,0.000000,0.000000,1,213.60
60.000,60.000,-0.022911,-0.043441,-0.002382,0.041059,0.000000,0.000000,1,213.60
60.000,60.000,0.025842,-0.019858,0.071541,0.091399,0.000000,0.000000,1,213.60
60.000,60.000,0.532617,0.379401,0.685833,0.306433,0.000000,0.000000,1,213.60
60.000,60.000,1.092554,1.217653,0.967455,-0.250198,0.000000,0.000000,1,213.60
60.000,60.000,0.081033,0.081734,0.080333,-0.001401,0.000000,0.000000,1,213.60
60.000,60.000,0.072850,0.074368,0.071333,-0.003036,0.000000,0.000000,1,213.60
60.000,60.000,0.073202,0.072402,0.074001,0.001599,0.000000,0.000000,1,213.60
60.000,60.000,0.071416,0.071431,0.071400,-0.000031,0.000000,0.000000,1,213.60
60.000,60.000,1.215342,1.310010,1.120673,-0.189337,0.000000,0.000000,1,213.60
60.000,60.000,2.007118,2.047418,1.966818,-0.080600,0.000000,0.000000,1,213.60
60.553,59.422,-0.015667,0.086801,-0.118135,-0.204936,0.000000,0.000000,1,213.60
60.000,60.000,0.076217,0.076441,0.075993,-0.000448,0.000000,0.000000,1,213.60
60.000,60.000,0.079108,0.076094,0.082122,0.006028,0.000000,0.000000,1,213.60
59.668,60.728,0.069657,0.064876,0.074437,0.009562,0.000000,0.000000,1,213.60
60.743,60.000,0.078632,0.081543,0.075721,-0.005822,0.000000,0.000000,1,205.30
60.743,60.000,0.085991,0.079605,0.092377,0.012772,0.000000,0.000000,1,205.30
60.000,60.000,0.072784,0.069371,0.076197,0.006826,0.000000,0.000000,1,205.30
60.000,60.000,0.069539,0.059287,0.079791,0.020504,0.000000,0.000000,1,205.30
60.000,60.000,0.062486,0.056311,0.068661,0.012350,0.000000,0.000000,1,205.30
60.000,60.000,0.559748,0.717675,0.401821,-0.315854,0.000000,0.000000,1,205.30
60.000,60.000,1.644007,1.756812,1.531202,-0.225610,0.000000,0.000000,1,205.30
60.084,59.204,0.072039,0.065130,0.078948,0.013818,0.000000,0.000000,1,205.30
60.000,60.000,1.851585,1.849756,1.853415,0.003659,0.000000,0.000000,1,205.30
60.000,60.000,0.067474,0.061806,0.073142,0.011335,0.000000,0.000000,1,205.30
60.000,60.000,0.068693,0.057565,0.079820,0.022255,0.000000,0.000000,1,205.30
60.000,60.000,1.914032,1.924878,1.903186,-0.021692,0.000000,0.000000,1,205.30
60.000,60.000,1.673313,1.778191,1.568435,-0.209756,0.000000,0.000000,1,205.30
60.000,60.000,2.001252,2.139241,1.863263,-0.275978,0.000000,0.000000,1,205.30
60.000,60.000,2.062927,2.214756,1.911098,-0.303659,0.000000,0.000000,1,205.30
60.777,60.192,2.006922,2.096528,1.917317,-0.179211,0.000000,0.000000,1,205.30
60.212,59.229,0.073622,0.066784,0.080460,0.013676,0.000000,0.000000,1,205.30
59.212,60.135,2.118304,2.263065,1.973543,-0.289521,0.000000,0.000000,1,205.30
60.000,60.000,0.071628,0.063518,0.079737,0.016219,0.000000,0.000000,1,205.30
60.000,60.000,0.066006,0.055919,0.076092,0.020173,0.000000,0.000000,1,205.30
60.000,60.000,0.728320,0.861857,0.594783,-0.267073,0.000000,0.000000,1,205.30
60.000,60.000,0.073037,0.068010,0.078063,0.010053,0.000000,0.000000,1,205.30
60.000,60.000,0.067758,0.061097,0.074420,0.013323,0.000000,0.000000,1,205.30
60.000,60.000,0.068357,0.060334,0.076380,0.016046,0.000000,0.000000,1,205.30
60.000,60.000,0.070194,0.061196,0.079193,0.017997,0.000000,0.000000,1,205.30
60.000,60.000,0.069104,0.058703,0.079504,0.020802,0.000000,0.000000,1,205.30
60.000,60.000,0.379390,0.472683,0.286098,-0.186585,0.000000,0.000000,1,205.30
60.000,60.000,0.453421,0.453421,0.453421,0.000000,0.000000,0.000000,1,205.30
60.000,60.000,1.479871,1.461578,1.498164,0.036585,0.000000,0.000000,1,205.30
60.000,60.000,1.769536,1.950634,1.588439,-0.362195,0.000000,0.000000,1,205.30
59.206,59.902,1.887507,2.016800,1.758215,-0.258586,0.000000,0.000000,1,205.30
64.720,60.000,-0.010732,-0.020079,-0.001385,0.018694,0.000000,0.000000,1,64.17
64.720,60.000,0.090293,0.088369,0.092218,0.003849,0.000000,0.000000,1,186.25
64.720,60.000,0.089117,0.087192,0.091042,0.003850,0.000000,0.000000,1,181.55
64.720,60.000,-0.081396,-0.075687,-0.087105,-0.011418,0.000000,0.000000,1,200.33
64.720,60.000,0.027903,0.012209,0.043597,0.031388,0.000000,0.000000,1,64.17
64.720,60.000,1.367067,1.522893,1.211242,-0.311651,0.000000,0.000000,1,200.33
64.720,60.000,0.095312,0.093584,0.097040,0.003455,0.000000,0.000000,1,181.55
64.720,60.000,0.090220,0.089654,0.090786,0.001132,0.000000,0.000000,1,186.25
64.720,60.000,0.090098,0.087088,0.093108,0.006021,0.000000,0.000000,1,181.55
64.720,60.000,0.088770,0.082050,0.095490,0.013440,0.000000,0.000000,1,200.33
64.720,60.000,0.035182,0.019450,0.050914,0.031464,0.000000,0.000000,1,64.17
64.720,60.000,0.085352,0.089025,0.081679,-0.007345,0.000000,0.000000,1,186.25
64.720,60.000,0.087803,0.089648,0.085959,-0.003689,0.000000,0.000000,1,186.25
60.552,59.421,0.093072,0.098777,0.087366,-0.011411,0.000000,0.000000,1,186.20
60.000,60.000,-0.015795,0.092406,-0.123996,-0.216403,0.000000,0.000000,1,186.20
60.591,60.539,0.093805,0.101678,0.085932,-0.015746,0.000000,0.000000,1,186.20
60.000,60.000,0.085976,0.084575,0.087376,0.002801,0.000000,0.000000,1,186.20
60.000,60.000,0.082017,0.080543,0.083490,0.002948,0.000000,0.000000,1,186.20
60.000,60.000,0.086974,0.089810,0.084137,-0.005673,0.000000,0.000000,1,186.20
60.000,60.000,0.088085,0.087054,0.089116,0.002062,0.000000,0.000000,1,186.20
60.000,60.000,0.090434,0.086770,0.094097,0.007328,0.000000,0.000000,1,186.20
60.000,60.000,0.087150,0.085553,0.088746,0.003193,0.000000,0.000000,1,186.20
60.000,60.000,0.087772,0.082477,0.093067,0.010590,0.000000,0.000000,1,186.20
60.000,60.000,0.091020,0.087961,0.094079,0.006119,0.000000,0.000000,1,186.20
60.000,60.000,0.090057,0.087040,0.093074,0.006034,0.000000,0.000000,1,186.20
60.000,60.000,0.091888,0.085319,0.098458,0.013138,0.000000,0.000000,1,186.20
60.000,60.000,0.098747,0.094655,0.102840,0.008186,0.000000,0.000000,1,186.20
60.000,60.000,0.100033,0.102387,0.097678,-0.004708,0.000000,0.000000,1,186.20
60.000,60.000,0.101308,0.103638,0.098977,-0.004660,0.000000,0.000000,1,186.20
60.000,60.000,0.096510,0.095568,0.097452,0.001884,0.000000,0.000000,1,186.20
60.000,60.000,0.094165,0.094372,0.093957,-0.000416,0.000000,0.000000,1,186.20
60.000,60.000,0.095258,0.095582,0.094935,-0.000647,0.000000,0.000000,1,186.20
60.000,60.000,0.095609,0.095274,0.095944,0.000670,0.000000,0.000000,1,186.20
60.000,60.000,0.096233,0.094765,0.097702,0.002937,0.000000,0.000000,1,186.20
60.000,60.000,0.095602,0.094110,0.097095,0.002985,0.000000,0.000000,1,186.20
60.000,60.000,0.099189,0.096642,0.101736,0.005094,0.000000,0.000000,1,186.20
60.000,60.000,0.096415,0.095508,0.097323,0.001815,0.000000,0.000000,1,186.20
60.000,60.000,0.096354,0.093992,0.098717,0.004725,0.000000,0.000000,1,186.20
60.000,60.000,0.097054,0.095640,0.098467,0.002827,0.000000,0.000000,1,186.20
60.000,60.000,0.097472,0.096765,0.098179,0.001414,0.000000,0.000000,1,186.20
60.000,60.000,0.104879,0.103849,0.105909,0.002060,0.000000,0.000000,1,186.20
60.000,60.000,0.100026,0.103207,0.096845,-0.006361,0.000000,0.000000,1,186.20
60.000,60.000,0.098966,0.098270,0.099661,0.001391,0.000000,0.000000,1,186.20
60.000,60.000,0.102579,0.101088,0.104069,0.002982,0.000000,0.000000,1,186.20
60.000,60.000,0.102007,0.098016,0.105997,0.007982,0.000000,0.000000,1,186.20
60.000,60.000,0.099103,0.096897,0.101309,0.004413,0.000000,0.000000,1,186.20
60.000,60.000,0.102933,0.100720,0.105145,0.004425,0.000000,0.000000,1,186.20
60.000,60.000,0.101177,0.098518,0.103837,0.005319,0.000000,0.000000,1,186.20
60.000,60.000,0.101657,0.099539,0.103775,0.004236,0.000000,0.000000,1,186.20
60.000,60.000,0.098826,0.099629,0.098023,-0.001606,0.000000,0.000000,1,186.20
60.000,60.000,0.102827,0.101477,0.104176,0.002699,0.000000,0.000000,1,186.20
60.000,60.000,0.101312,0.099867,0.102756,0.002889,0.000000,0.000000,1,186.20
60.000,60.000,0.101453,0.101111,0.101796,0.000685,0.000000,0.000000,1,186.20
60.000,60.000,0.101024,0.100666,0.101382,0.000716,0.000000,0.000000,1,186.20
60.000,60.000,0.103075,0.102001,0.104150,0.002149,0.000000,0.000000,1,186.20
60.000,60.000,0.101227,0.098619,0.103835,0.005216,0.000000,0.000000,1,186.20
60.000,60.000,0.102878,0.100492,0.105264,0.004772,0.000000,0.000000,1,186.20
60.000,60.000,0.102267,0.099017,0.105516,0.006499,0.000000,0.000000,1,186.20
60.000,60.000,0.105999,0.102541,0.109457,0.006915,0.000000,0.000000,1,186.20
60.000,60.000,0.102569,0.100098,0.105040,0.004942,0.000000,0.000000,1,186.20
60.000,60.000,0.103149,0.099242,0.107057,0.007815,0.000000,0.000000,1,186.20
60.000,60.000,0.104335,0.100186,0.108485,0.008299,0.000000,0.000000,1,186.20
60.000,60.000,0.103245,0.100290,0.106200,0.005910,0.000000,0.000000,1,186.20
60.000,60.000,0.104414,0.100376,0.108453,0.008077,0.000000,0.000000,1,186.20
60.000,60.000,0.103776,0.100557,0.106994,0.006437,0.000000,0.000000,1,186.20
60.000,60.000,0.104863,0.102783,0.106942,0.004160,0.000000,0.000000,1,186.20
60.000,60.000,0.105670,0.101580,0.109760,0.008179,0.000000,0.000000,1,186.20
60.000,60.000,0.103880,0.099002,0.108757,0.009755,0.000000,0.000000,1,186.20
60.000,60.000,0.104095,0.100866,0.107324,0.006458,0.000000,0.000000,1,186.20
60.000,60.000,0.104094,0.101273,0.106915,0.005642,0.000000,0.000000,1,186.20
60.000,60.000,0.106558,0.102936,0.110180,0.007244,0.000000,0.000000,1,186.20
60.000,60.000,0.103401,0.101525,0.105278,0.003753,0.000000,0.000000,1,186.20
60.000,60.000,0.102267,0.100933,0.103600,0.002667,0.000000,0.000000,1,186.20
60.769,60.220,0.112666,0.119452,0.105879,-0.013573,0.000000,0.000000,1,186.20
60.000,60.000,0.090102,0.095492,0.084712,-0.010780,0.000000,0.000000,1,186.20
60.000,60.000,0.092255,0.093404,0.091106,-0.002298,0.000000,0.000000,1,186.20
60.000,60.000,0.089985,0.093496,0.086474,-0.007022,0.000000,0.000000,1,186.20
60.000,60.000,0.084152,0.090807,0.077497,-0.013311,0.000000,0.000000,1,186.20
60.000,60.000,0.089155,0.091330,0.086980,-0.004350,0.000000,0.000000,1,186.20
60.000,60.000,0.089099,0.099181,0.079018,-0.020163,0.000000,0.000000,1,186.20
60.000,60.000,0.086492,0.093845,0.079139,-0.014706,0.000000,0.000000,1,186.20
60.309,60.738,0.110583,0.112909,0.108257,-0.004653,0.000000,0.000000,1,186.20
60.000,60.000,0.090930,0.099790,0.082070,-0.017720,0.000000,0.000000,1,186.20
60.000,60.000,0.097021,0.100351,0.093691,-0.006660,0.000000,0.000000,1,186.20
60.000,60.000,0.092875,0.094422,0.091327,-0.003095,0.000000,0.000000,1,186.20
60.000,60.000,0.185712,0.277206,0.094218,-0.182987,0.000000,0.000000,1,186.20
60.000,60.000,0.092722,0.094441,0.091002,-0.003438,0.000000,0.000000,1,186.20
59.255,59.707,0.112175,0.110105,0.114245,0.004140,0.000000,0.000000,1,186.20
60.000,60.000,0.093728,0.097903,0.089552,-0.008351,0.000000,0.000000,1,186.20
60.000,60.000,0.094035,0.096445,0.091625,-0.004820,0.000000,0.000000,1,186.20
60.000,60.000,0.097694,0.096812,0.098576,0.001764,0.000000,0.000000,1,186.20
60.000,60.000,0.096719,0.096910,0.096527,-0.000383,0.000000,0.000000,1,186.20
60.000,60.000,0.093607,0.096830,0.090384,-0.006447,0.000000,0.000000,1,186.20
59.314,60.412,0.099655,0.103157,0.096153,-0.007004,0.000000,0.000000,1,186.20
60.000,60.000,0.087306,0.092970,0.081643,-0.011327,0.000000,0.000000,1,186.20
60.000,60.000,0.089534,0.092713,0.086354,-0.006359,0.000000,0.000000,1,186.20
60.000,60.000,0.090134,0.093774,0.086494,-0.007280,0.000000,0.000000,1,186.20
60.000,60.000,0.088068,0.090847,0.085288,-0.005560,0.000000,0.000000,1,186.20
60.000,60.000,0.088042,0.090034,0.086050,-0.003984,0.000000,0.000000,1,186.20
60.000,60.000,0.089831,0.090179,0.089483,-0.000696,0.000000,0.000000,1,186.20
60.000,60.000,-0.034286,0.091601,-0.160173,-0.251774,0.000000,0.000000,1,186.20
60.000,60.000,0.087210,0.087620,0.086801,-0.000819,0.000000,0.000000,1,186.20
60.000,60.000,0.088321,0.087448,0.089193,0.001745,0.000000,0.000000,1,186.20
59.202,59.945,-0.001583,0.110151,-0.113317,-0.223469,0.000000,0.000000,1,186.20
59.261,60.306,0.101447,0.102772,0.100121,-0.002651,0.000000,0.000000,1,186.20
60.000,60.000,0.091901,0.096217,0.087586,-0.008630,0.000000,0.000000,1,186.20
60.000,60.000,0.090528,0.094241,0.086815,-0.007425,0.000000,0.000000,1,186.20
60.000,60.000,0.094614,0.094306,0.094921,0.000615,0.000000,0.000000,1,186.20
60.000,60.000,0.096759,0.094435,0.099083,0.004648,0.000000,0.000000,1,186.20
60.000,60.000,0.099923,0.096993,0.102853,0.005860,0.000000,0.000000,1,186.20
60.000,60.000,0.097837,0.093798,0.101877,0.008079,0.000000,0.000000,1,186.20
60.000,60.000,0.095494,0.092718,0.098270,0.005552,0.000000,0.000000,1,186.20
60.000,60.000,0.094520,0.093619,0.095420,0.001801,0.000000,0.000000,1,186.20
60.000,60.000,0.098281,0.094761,0.101801,0.007040,0.000000,0.000000,1,186.20
60.000,60.000,0.100617,0.099362,0.101872,0.002510,0.000000,0.000000,1,186.20
60.000,60.000,0.097654,0.097926,0.097383,-0.000543,0.000000,0.000000,1,186.20
60.000,60.000,0.095601,0.093047,0.098154,0.005108,0.000000,0.000000,1,186.20
60.000,60.000,0.102920,0.105318,0.100523,-0.004795,0.000000,0.000000,1,186.20
60.000,60.000,0.100729,0.093720,0.107738,0.014018,0.000000,0.000000,1,186.20
60.000,60.000,0.099907,0.095754,0.104060,0.008306,0.000000,0.000000,1,186.20
60.000,60.000,0.101698,0.094940,0.108456,0.013517,0.000000,0.000000,1,186.20
60.000,60.000,0.097862,0.096480,0.099245,0.002765,0.000000,0.000000,1,186.20
60.000,60.000,0.106408,0.099714,0.113102,0.013388,0.000000,0.000000,1,186.20
60.000,60.000,0.107687,0.099583,0.115790,0.016207,0.000000,0.000000,1,186.20
60.000,60.000,0.101500,0.093570,0.109430,0.015859,0.000000,0.000000,1,186.20
60.000,60.000,0.108335,0.102220,0.114450,0.012230,0.000000,0.000000,1,186.20
60.000,60.000,0.106155,0.099827,0.112483,0.012656,0.000000,0.000000,1,186.20
60.000,60.000,0.106341,0.100384,0.112299,0.011915,0.000000,0.000000,1,186.20
60.000,60.000,0.100897,0.097733,0.104060,0.006327,0.000000,0.000000,1,186.20
60.000,60.000,0.105919,0.100696,0.111141,0.010445,0.000000,0.000000,1,186.20
60.000,60.000,0.103576,0.096564,0.110587,0.014023,0.000000,0.000000,1,186.20
60.800,59.974,-0.028979,0.085185,-0.143143,-0.228328,0.000000,0.000000,1,186.20
60.000,60.000,0.108187,0.109001,0.107374,-0.001627,0.000000,0.000000,1,186.20
60.000,60.000,0.107026,0.104299,0.109754,0.005456,0.000000,0.000000,1,186.20
60.000,60.000,0.109451,0.107945,0.110956,0.003012,0.000000,0.000000,1,186.20
60.000,60.000,0.107931,0.110254,0.105609,-0.004645,0.000000,0.000000,1,186.20
60.000,60.000,0.102393,0.107852,0.096933,-0.010919,0.000000,0.000000,1,186.20
60.000,60.000,0.108408,0.109777,0.107038,-0.002739,0.000000,0.000000,1,186.20
60.000,60.000,0.106992,0.107239,0.106745,-0.000494,0.000000,0.000000,1,186.20
60.000,60.000,0.107986,0.109663,0.106309,-0.003354,0.000000,0.000000,1,186.20
60.000,60.000,0.109306,0.110243,0.108370,-0.001872,0.000000,0.000000,1,186.20
60.000,60.000,0.110231,0.107978,0.112483,0.004505,0.000000,0.000000,1,186.20
60.000,60.000,0.108718,0.107439,0.109996,0.002557,0.000000,0.000000,1,186.20
60.000,60.000,0.105828,0.105452,0.106204,0.000752,0.000000,0.000000,1,186.20
60.000,60.000,0.102544,0.104531,0.100558,-0.003973,0.000000,0.000000,1,186.20
60.000,60.000,0.101408,0.103933,0.098884,-0.005049,0.000000,0.000000,1,186.20
60.000,60.000,0.104288,0.104754,0.103822,-0.000932,0.000000,0.000000,1,186.20
60.000,60.000,0.105454,0.103659,0.107249,0.003591,0.000000,0.000000,1,186.20
60.000,60.000,0.094538,0.095759,0.093317,-0.002442,0.000000,0.000000,1,186.20
60.000,60.000,0.107026,0.105140,0.108912,0.003772,0.000000,0.000000,1,186.20
60.000,60.000,0.108794,0.105922,0.111667,0.005745,0.000000,0.000000,1,186.20
60.000,60.000,0.106965,0.104331,0.109599,0.005268,0.000000,0.000000,1,186.20
60.000,60.000,0.107748,0.103855,0.111642,0.007787,0.000000,0.000000,1,186.20
60.000,60.000,0.107985,0.103972,0.111999,0.008027,0.000000,0.000000,1,186.20
60.000,60.000,0.106784,0.104481,0.109087,0.004606,0.000000,0.000000,1,186.20
60.000,60.000,0.107273,0.104547,0.109999,0.005452,0.000000,0.000000,1,186.20
60.000,60.000,0.107246,0.104997,0.109494,0.004497,0.000000,0.000000,1,186.20
60.000,60.000,0.106747,0.104589,0.108904,0.004315,0.000000,0.000000,1,186.20
60.000,60.000,0.107500,0.105463,0.109537,0.004074,0.000000,0.000000,1,186.20
60.000,60.000,0.109464,0.105081,0.113847,0.008766,0.000000,0.000000,1,186.20
60.000,60.000,0.107958,0.105087,0.110828,0.005741,0.000000,0.000000,1,186.20
60.000,60.000,0.106846,0.105408,0.108283,0.002875,0.000000,0.000000,1,186.20
60.000,60.000,0.105553,0.105105,0.106001,0.000896,0.000000,0.000000,1,186.20
44.720,40.000,0.025882,0.032499,0.019264,-0.013235,0.000000,0.000000,1,64.42
44.720,40.000,0.080861,0.075144,0.086578,0.011434,0.000000,0.000000,1,207.41
44.720,40.000,0.048492,0.037270,0.059713,0.022443,0.000000,0.000000,1,186.98
44.720,40.000,0.097857,0.083466,0.112247,0.028782,0.000000,0.000000,1,122.56
44.720,40.000,0.000466,0.082969,-0.082037,-0.165006,0.000000,0.000000,1,64.42
44.720,40.000,-0.039001,0.084433,-0.162434,-0.246868,0.000000,0.000000,1,122.56
44.720,40.000,0.082649,0.084494,0.080804,-0.003690,0.000000,0.000000,1,186.98
44.720,40.000,0.074473,0.074135,0.074812,0.000677,0.000000,0.000000,1,207.41
44.720,40.000,0.075189,0.080772,0.069607,-0.011164,0.000000,0.000000,1,186.98
44.720,40.000,0.088880,0.080015,0.097745,0.017730,0.000000,0.000000,1,122.56
44.720,40.000,-0.014712,0.090298,-0.119722,-0.210020,0.000000,0.000000,1,64.42
44.720,40.000,0.076991,0.077161,0.076821,-0.000340,0.000000,0.000000,1,207.41
44.720,52.000,-0.001131,-0.020360,0.018097,0.038457,0.000000,0.000000,1,64.09
44.720,52.000,0.061162,0.056602,0.065722,0.009120,0.000000,0.000000,1,182.88
44.720,52.000,0.055806,0.060944,0.050667,-0.010276,0.000000,0.000000,1,186.01
44.720,52.000,0.057624,0.059787,0.055461,-0.004325,0.000000,0.000000,1,176.63
44.720,52.000,0.051200,0.050345,0.052056,0.001711,0.000000,0.000000,1,217.27
44.720,52.000,0.047849,0.049099,0.046598,-0.002501,0.000000,0.000000,1,206.33
44.720,52.000,0.009662,0.007679,0.011645,0.003967,0.000000,0.000000,1,64.09
44.720,52.000,0.057027,0.051334,0.062721,0.011387,0.000000,0.000000,1,206.33
44.720,52.000,0.052981,0.048805,0.057158,0.008353,0.000000,0.000000,1,217.27
44.720,52.000,-0.031427,0.048157,-0.111011,-0.159168,0.000000,0.000000,1,176.63
44.720,52.000,0.053227,0.052831,0.053622,0.000791,0.000000,0.000000,1,186.01
44.720,52.000,0.087221,0.120487,0.053954,-0.066533,0.000000,0.000000,1,182.88
44.720,52.000,0.052987,0.053286,0.052689,-0.000597,0.000000,0.000000,1,186.01
44.720,52.000,-0.055081,0.054675,-0.164836,-0.219512,0.000000,0.000000,1,176.63
44.720,52.000,0.054335,0.052600,0.056069,0.003469,0.000000,0.000000,1,217.27
44.720,52.000,0.029601,0.051167,0.008035,-0.043132,0.000000,0.000000,1,206.33
44.720,52.000,-0.008090,-0.026158,0.009978,0.036135,0.000000,0.000000,1,64.09
44.720,52.000,0.058689,0.057342,0.060037,0.002695,0.000000,0.000000,1,182.88
44.720,52.000,0.055150,0.052145,0.058155,0.006009,0.000000,0.000000,1,217.27
80.000,45.000,0.101259,0.108182,0.094335,-0.013847,0.000000,0.000000,1,186.20
80.000,45.000,0.094571,0.094546,0.094596,0.000050,0.000000,0.000000,1,186.20
34.720,80.000,0.105109,0.092693,0.117525,0.024832,0.000000,0.000000,1,64.16
34.720,80.000,0.091959,0.084462,0.099455,0.014993,0.000000,0.000000,1,215.94
34.720,80.000,0.050135,0.079860,0.020409,-0.059451,0.000000,0.000000,1,189.34
34.720,80.000,0.085142,0.075138,0.095145,0.020008,0.000000,0.000000,1,175.25
34.720,80.000,0.094549,0.083756,0.105341,0.021586,0.000000,0.000000,1,126.75
34.720,80.000,0.105484,0.092383,0.118586,0.026203,0.000000,0.000000,1,64.16
34.720,80.000,0.094440,0.085846,0.103034,0.017188,0.000000,0.000000,1,126.75
34.720,80.000,0.087146,0.079801,0.094490,0.014690,0.000000,0.000000,1,175.25
34.720,80.000,0.085743,0.079101,0.092385,0.013285,0.000000,0.000000,1,189.34
34.720,80.000,0.086242,0.080054,0.092430,0.012376,0.000000,0.000000,1,215.94
34.720,80.000,0.082827,0.079645,0.086008,0.006363,0.000000,0.000000,1,189.34
34.720,80.000,0.083991,0.078433,0.089549,0.011115,0.000000,0.000000,1,175.25
34.720,80.000,0.095585,0.087870,0.103300,0.015430,0.000000,0.000000,1,126.75
34.720,80.000,0.003272,0.085279,-0.078734,-0.164013,0.000000,0.000000,1,64.16
34.720,80.000,0.087912,0.081520,0.094304,0.012784,0.000000,0.000000,1,215.94
34.720,80.000,0.087878,0.079681,0.096074,0.016393,0.000000,0.000000,1,175.25
80.000,85.000,0.084414,0.074458,0.094371,0.019913,0.000000,0.000000,1,175.30
80.000,85.000,0.080213,0.078710,0.081716,0.003007,0.000000,0.000000,1,175.30
80.000,85.000,0.083961,0.075734,0.092187,0.016453,0.000000,0.000000,1,175.30
80.000,85.000,0.081960,0.074842,0.089079,0.014237,0.000000,0.000000,1,175.30
80.000,85.000,0.004438,0.066958,-0.058082,-0.125040,0.000000,0.000000,1,175.30
80.000,85.000,0.009203,0.072307,-0.053902,-0.126210,0.000000,0.000000,1,175.30
80.000,85.000,-0.002734,0.070079,-0.075547,-0.145626,0.000000,0.000000,1,175.30
80.000,85.000,-0.011470,0.070241,-0.093182,-0.163423,0.000000,0.000000,1,175.30
80.000,85.000,-0.015481,0.079338,-0.110301,-0.189640,0.000000,0.000000,1,175.30
80.000,85.000,0.089298,0.070807,0.107788,0.036981,0.000000,0.000000,1,175.30
100.000,45.000,0.107913,0.101215,0.114611,0.013395,0.000000,0.000000,1,175.30
100.000,45.000,0.100170,0.094760,0.105579,0.010820,0.000000,0.000000,1,175.30
100.000,45.000,0.100337,0.090761,0.109913,0.019152,0.000000,0.000000,1,175.30
100.000,45.000,0.100934,0.092037,0.109832,0.017795,0.000000,0.000000,1,175.30
100.000,45.000,0.103334,0.091972,0.114696,0.022724,0.000000,0.000000,1,175.30
100.000,45.000,0.099560,0.089510,0.109610,0.020099,0.000000,0.000000,1,175.30
100.000,45.000,0.100733,0.092276,0.109189,0.016913,0.000000,0.000000,1,175.30
100.000,45.000,0.104208,0.095621,0.112795,0.017174,0.000000,0.000000,1,175.30
100.000,45.000,0.101304,0.092413,0.110196,0.017782,0.000000,0.000000,1,175.30
100.000,45.000,0.100625,0.092692,0.108559,0.015867,0.000000,0.000000,1,175.30
80.000,85.000,0.108246,0.096630,0.119862,0.023231,0.000000,0.000000,1,175.30
80.000,85.000,0.110383,0.099906,0.120860,0.020954,0.000000,0.000000,1,175.30
80.000,85.000,0.113121,0.103177,0.123066,0.019890,0.000000,0.000000,1,175.30
80.000,85.000,0.114764,0.104225,0.125302,0.021077,0.000000,0.000000,1,175.30
80.000,85.000,0.115620,0.105533,0.125707,0.020174,0.000000,0.000000,1,175.30
80.000,85.000,0.113398,0.101936,0.124860,0.022924,0.000000,0.000000,1,175.30
80.000,85.000,0.111788,0.101168,0.122408,0.021240,0.000000,0.000000,1,175.30
80.000,85.000,0.113574,0.102731,0.124416,0.021684,0.000000,0.000000,1,175.30
80.000,85.000,0.114153,0.103290,0.125016,0.021725,0.000000,0.000000,1,175.30
80.000,85.000,0.115675,0.104568,0.126782,0.022214,0.000000,0.000000,1,175.30
100.000,45.000,1.907763,1.891642,1.923884,0.032242,0.000000,0.000000,1,126.70
100.000,45.000,1.877673,1.865074,1.890272,0.025198,0.000000,0.000000,1,126.70
100.000,45.000,2.089086,2.088819,2.089352,0.000533,0.000000,0.000000,1,126.70
100.000,45.000,1.707212,1.655222,1.759202,0.103980,0.000000,0.000000,1,126.70
99.436,45.567,2.083025,2.074116,2.091934,0.017817,0.000000,0.000000,1,126.70
99.202,44.943,1.990971,2.016025,1.965917,-0.050108,0.000000,0.000000,1,126.70
100.000,45.000,1.883997,1.887645,1.880350,-0.007295,0.000000,0.000000,1,126.70
100.000,45.000,1.953249,1.940952,1.965547,0.024595,0.000000,0.000000,1,126.70
99.590,45.687,1.837792,1.775177,1.900408,0.125230,0.000000,0.000000,1,126.70
100.000,45.000,1.654666,1.615478,1.693854,0.078376,0.000000,0.000000,1,126.70
80.000,85.000,0.112968,0.108049,0.117887,0.009838,0.000000,0.000000,1,126.70
80.000,85.000,0.117121,0.099030,0.135213,0.036183,0.000000,0.000000,1,126.70
80.000,85.000,0.116542,0.095720,0.137363,0.041643,0.000000,0.000000,1,126.70
80.000,85.000,1.990030,2.004582,1.975477,-0.029105,0.000000,0.000000,1,126.70
79.467,84.403,0.105437,0.088153,0.122720,0.034567,0.000000,0.000000,1,126.70
79.321,84.577,1.685794,1.682232,1.689357,0.007125,0.000000,0.000000,1,126.70
80.764,85.239,2.105324,2.089788,2.120861,0.031073,0.000000,0.000000,1,126.70
80.000,85.000,1.880006,1.782077,1.977935,0.195858,0.000000,0.000000,1,126.70
79.259,85.300,1.918275,1.943455,1.893094,-0.050361,0.000000,0.000000,1,126.70
80.000,85.000,0.090182,0.080384,0.099980,0.019596,0.000000,0.000000,1,126.70
100.000,45.000,0.115727,0.108607,0.122847,0.014239,0.000000,0.000000,1,175.30
100.000,45.000,0.108818,0.107464,0.110172,0.002707,0.000000,0.000000,1,175.30
100.000,45.000,0.112778,0.108594,0.116962,0.008367,0.000000,0.000000,1,175.30
100.000,45.000,0.113332,0.109414,0.117250,0.007836,0.000000,0.000000,1,175.30
100.000,45.000,0.116188,0.111155,0.121221,0.010066,0.000000,0.000000,1,175.30
100.000,45.000,0.113609,0.110017,0.117202,0.007186,0.000000,0.000000,1,175.30
100.000,45.000,0.116225,0.110046,0.122405,0.012359,0.000000,0.000000,1,175.30
100.000,45.000,0.116237,0.104844,0.127630,0.022787,0.000000,0.000000,1,175.30
100.000,45.000,0.116268,0.111879,0.120657,0.008779,0.000000,0.000000,1,175.30
100.000,45.000,0.118647,0.112781,0.124513,0.011731,0.000000,0.000000,1,175.30
80.000,85.000,0.090187,0.087742,0.092633,0.004891,0.000000,0.000000,1,175.30
80.000,85.000,0.094082,0.073938,0.114226,0.040289,0.000000,0.000000,1,175.30
80.000,85.000,0.095878,0.077433,0.114322,0.036889,0.000000,0.000000,1,175.30
80.000,85.000,0.098634,0.080673,0.116595,0.035922,0.000000,0.000000,1,175.30
80.000,85.000,0.094570,0.076104,0.113035,0.036931,0.000000,0.000000,1,175.30
80.000,85.000,0.101132,0.079709,0.122554,0.042846,0.000000,0.000000,1,175.30
80.000,85.000,0.095642,0.075707,0.115577,0.039870,0.000000,0.000000,1,175.30
80.000,85.000,0.093446,0.079650,0.107242,0.027591,0.000000,0.000000,1,175.30
80.000,85.000,0.096179,0.076916,0.115443,0.038527,0.000000,0.000000,1,175.30
80.000,85.000,0.100372,0.078656,0.122089,0.043433,0.000000,0.000000,1,175.30
100.000,85.000,0.112917,0.095843,0.129991,0.034147,0.000000,0.000000,1,126.70
100.000,45.000,0.112920,0.108666,0.117174,0.008508,0.000000,0.000000,1,126.70
100.000,45.000,0.108970,0.098551,0.119388,0.020837,0.000000,0.000000,1,126.70
100.000,45.000,0.105733,0.097152,0.114314,0.017162,0.000000,0.000000,1,126.70
100.000,45.000,0.103938,0.094906,0.112970,0.018064,0.000000,0.000000,1,126.70
100.000,45.000,0.110042,0.098187,0.121896,0.023709,0.000000,0.000000,1,126.70
100.000,45.000,0.107645,0.096228,0.119063,0.022835,0.000000,0.000000,1,126.70
100.000,45.000,0.109437,0.097943,0.120931,0.022988,0.000000,0.000000,1,126.70
100.000,45.000,0.111964,0.099875,0.124053,0.024179,0.000000,0.000000,1,126.70
100.000,45.000,0.110565,0.098419,0.122712,0.024293,0.000000,0.000000,1,126.70
100.000,45.000,0.111185,0.099684,0.122685,0.023001,0.000000,0.000000,1,126.70
80.000,85.000,0.100222,0.087328,0.113115,0.025787,0.000000,0.000000,1,126.70
80.000,85.000,0.098332,0.082354,0.114310,0.031956,0.000000,0.000000,1,126.70
80.000,85.000,0.100601,0.087640,0.113562,0.025922,0.000000,0.000000,1,126.70
80.000,85.000,0.096327,0.082198,0.110456,0.028258,0.000000,0.000000,1,126.70
80.000,85.000,0.100361,0.088466,0.112255,0.023789,0.000000,0.000000,1,126.70
80.000,85.000,0.102934,0.086772,0.119095,0.032322,0.000000,0.000000,1,126.70
80.000,85.000,0.098900,0.109407,0.088392,-0.021015,0.000000,0.000000,1,126.70
80.000,85.000,0.099230,0.106868,0.091592,-0.015276,0.000000,0.000000,1,126.70
80.000,85.000,0.100835,0.110411,0.091260,-0.019151,0.000000,0.000000,1,126.70
80.000,85.000,0.099688,0.110281,0.089096,-0.021184,0.000000,0.000000,1,126.70
60.000,60.000,0.035484,0.038438,0.032531,-0.005906,0.000000,0.000000,1,175.30
60.000,60.000,0.085813,0.032878,0.138749,0.105871,0.000000,0.000000,1,175.30
59.363,59.516,0.069460,-0.004604,0.143524,0.148129,0.000000,0.000000,1,175.30
59.363,59.516,0.121915,0.104705,0.139124,0.034419,0.000000,0.000000,1,175.30
60.738,59.691,0.111559,0.031397,0.191722,0.160324,0.000000,0.000000,1,175.30
60.738,59.691,0.192709,0.185642,0.199775,0.014133,0.000000,0.000000,1,175.30
59.899,60.794,0.061306,0.050553,0.072059,0.021506,0.000000,0.000000,1,175.30
59.899,60.794,0.040300,0.035394,0.045205,0.009811,0.000000,0.000000,1,175.30
60.000,62.500,1.061424,1.086987,1.035860,-0.051127,0.000000,0.000000,1,73.30
60.000,62.500,0.009047,-0.007086,0.025179,0.032265,0.000000,0.000000,1,73.30
60.000,62.500,0.033601,0.037914,0.029288,-0.008625,0.000000,0.000000,1,73.30
20.000,25.000,0.073006,0.056039,0.089973,0.033934,0.000000,0.000000,1,73.00
20.000,25.000,0.323398,0.313382,0.333414,0.020032,0.000000,0.000000,1,104.06
20.000,25.000,0.051867,0.041281,0.062452,0.021170,0.000000,0.000000,1,73.00
60.000,62.500,0.034170,0.011885,0.056455,0.044570,0.000000,0.000000,1,73.00
60.000,62.500,0.063989,0.025366,0.102612,0.077246,0.000000,0.000000,1,73.00
60.000,62.500,0.035139,0.010137,0.060142,0.050005,0.000000,0.000000,1,73.00
60.000,62.500,0.051399,0.010071,0.092727,0.082656,0.000000,0.000000,1,73.00
60.000,62.500,0.048431,-0.003429,0.100292,0.103720,0.000000,0.000000,1,73.00
60.000,62.500,0.065170,0.038932,0.091409,0.052477,0.000000,0.000000,1,73.00
60.000,62.500,-0.006510,-0.050118,0.037098,0.087216,0.000000,0.000000,1,73.00
60.000,62.500,-0.012426,-0.055063,0.030210,0.085274,0.000000,0.000000,1,73.00
60.000,62.500,-0.041138,-0.106867,0.024592,0.131459,0.000000,0.000000,1,73.00
60.000,62.500,0.124887,0.115128,0.134645,0.019517,0.000000,0.000000,1,73.00
60.000,100.000,0.151552,0.137915,0.165189,0.027274,0.000000,0.000000,1,73.00
60.000,100.000,0.148871,0.122568,0.175174,0.052606,0.000000,0.000000,1,73.00
60.000,100.000,0.137789,0.112801,0.162777,0.049976,0.000000,0.000000,1,73.00
60.000,100.000,0.127170,0.093938,0.160401,0.066463,0.000000,0.000000,1,73.00
60.000,100.000,0.134972,0.114489,0.155456,0.040967,0.000000,0.000000,1,73.00
20.000,25.000,0.060175,0.062496,0.057853,-0.004643,0.000000,0.000000,1,73.00
20.000,25.000,0.064447,0.053026,0.075867,0.022841,0.000000,0.000000,1,73.00
60.000,25.000,0.114221,0.202038,0.026404,-0.175633,0.000000,0.000000,1,73.00
60.000,25.000,0.006359,-0.006953,0.019672,0.026625,0.000000,0.000000,1,73.00
59.910,24.205,-0.349139,-0.349375,-0.348904,0.000471,0.000000,0.000000,1,73.00
59.910,24.205,0.128678,0.123761,0.133594,0.009833,0.000000,0.000000,1,73.00
60.733,25.320,0.080334,0.069346,0.091322,0.021976,0.000000,0.000000,1,73.00
60.733,25.320,0.067340,0.064212,0.070467,0.006254,0.000000,0.000000,1,73.00
100.000,25.000,0.071746,0.011698,0.131795,0.120097,0.000000,0.000000,1,73.00
100.000,25.000,0.127269,0.086240,0.168299,0.082059,0.000000,0.000000,1,73.00
99.679,25.733,0.029241,0.006811,0.051671,0.044860,0.000000,0.000000,1,73.00
99.679,25.733,0.045748,0.008781,0.082715,0.073934,0.000000,0.000000,1,73.00
100.000,62.500,0.076463,0.011149,0.141778,0.130629,0.000000,0.000000,1,73.00
100.000,62.500,0.055419,-0.003454,0.114292,0.117746,0.000000,0.000000,1,73.00
60.000,62.500,0.121043,0.117699,0.124387,0.006687,0.000000,0.000000,1,73.00
60.000,62.500,-0.008828,-0.056298,0.038641,0.094939,0.000000,0.000000,1,73.00
60.032,61.701,0.297675,0.383782,0.211567,-0.172214,0.000000,0.000000,1,73.00
60.032,61.701,-0.322016,-0.322949,-0.321083,0.001866,0.000000,0.000000,1,73.00
60.676,62.928,-0.001395,-0.042795,0.040005,0.082800,0.000000,0.000000,1,73.00
60.676,62.928,-0.000077,-0.057258,0.057104,0.114362,0.000000,0.000000,1,73.00
20.000,62.500,0.154950,0.273661,0.036239,-0.237421,0.000000,0.000000,1,73.00
20.000,62.500,0.007742,-0.012559,0.028043,0.040602,0.000000,0.000000,1,73.00
19.358,62.977,-0.012875,-0.015009,-0.010741,0.004269,0.000000,0.000000,1,73.00
19.358,62.977,0.107625,-0.007131,0.222380,0.229511,0.000000,0.000000,1,73.00
19.907,61.705,0.042097,0.027013,0.057181,0.030167,0.000000,0.000000,1,73.00
19.907,61.705,-0.110372,-0.088314,-0.132430,-0.044116,0.000000,0.000000,1,73.00
20.734,62.817,0.004456,-0.018088,0.027001,0.045088,0.000000,0.000000,1,73.00
20.734,62.817,0.032576,0.000294,0.064858,0.064564,0.000000,0.000000,1,73.00
60.000,100.000,0.145459,0.130418,0.160500,0.030082,0.000000,0.000000,1,73.00
60.000,100.000,0.145029,0.124613,0.165445,0.040832,0.000000,0.000000,1,73.00
60.000,100.000,0.149637,0.132446,0.166828,0.034383,0.000000,0.000000,1,73.00
60.000,100.000,0.150291,0.135790,0.164791,0.029002,0.000000,0.000000,1,73.00
60.000,100.000,0.153733,0.135021,0.172445,0.037424,0.000000,0.000000,1,73.00
60.000,100.000,0.124173,0.127588,0.120757,-0.006832,0.000000,0.000000,1,73.00
60.000,100.000,0.141140,0.122844,0.159435,0.036592,0.000000,0.000000,1,73.00
60.000,100.000,0.107741,0.097839,0.117643,0.019804,0.000000,0.000000,1,73.00
60.000,100.000,0.127378,0.093872,0.160885,0.067013,0.000000,0.000000,1,73.00
60.000,100.000,0.017058,-0.011770,0.045886,0.057656,0.000000,0.000000,1,73.00
60.000,100.000,0.120292,0.106655,0.133928,0.027273,0.000000,0.000000,1,73.00
60.000,100.000,0.100829,0.079807,0.121851,0.042043,0.000000,0.000000,1,73.00
60.000,100.000,0.118518,0.114972,0.122065,0.007093,0.000000,0.000000,1,73.00
60.785,100.000,-0.111290,-0.118869,-0.103712,0.015157,0.000000,0.000000,1,81.36
60.785,100.000,0.094157,0.082108,0.106205,0.024097,0.000000,0.000000,1,70.40
60.785,100.000,0.050830,0.031286,0.070374,0.039089,0.000000,0.000000,1,71.88
60.785,100.000,-0.040016,-0.070377,-0.009654,0.060723,0.000000,0.000000,1,71.75
60.000,100.000,0.161062,0.154942,0.167181,0.012238,0.000000,0.000000,1,73.00
60.000,100.000,0.160672,0.150429,0.170915,0.020486,0.000000,0.000000,1,73.00
60.000,100.000,0.058271,-0.000921,0.117463,0.118383,0.000000,0.000000,1,73.00
60.000,100.000,0.089711,0.024567,0.154854,0.130287,0.000000,0.000000,1,73.00
60.000,100.000,0.097582,0.046724,0.148440,0.101716,0.000000,0.000000,1,73.00
60.000,100.000,0.204607,0.195280,0.213934,0.018654,0.000000,0.000000,1,73.00
60.000,100.000,0.198844,0.186807,0.210881,0.024074,0.000000,0.000000,1,73.00
60.000,100.000,0.194936,0.183677,0.206195,0.022518,0.000000,0.000000,1,73.00
60.000,100.000,0.190586,0.179212,0.201960,0.022748,0.000000,0.000000,1,73.00
60.000,100.000,0.167572,0.194229,0.140915,-0.053314,0.000000,0.000000,1,73.00
60.000,100.000,0.202199,0.207571,0.196827,-0.010744,0.000000,0.000000,1,73.00
60.000,100.000,0.178547,0.170177,0.186916,0.016739,0.000000,0.000000,1,73.00
60.000,100.000,0.057184,0.032024,0.082343,0.050318,0.000000,0.000000,1,71.60
60.000,100.000,0.075780,0.026096,0.125464,0.099368,0.000000,0.000000,1,71.60
60.000,100.000,0.088312,0.034651,0.141974,0.107323,0.000000,0.000000,1,71.60
60.000,100.000,-0.150229,-0.174402,-0.126055,0.048347,0.000000,0.000000,1,73.00
60.000,100.000,0.132978,0.129221,0.136736,0.007515,0.000000,0.000000,1,73.00
80.785,25.000,0.196621,0.272430,0.120812,-0.151618,0.000000,0.000000,1,73.41
80.785,25.000,0.182294,0.130049,0.234539,0.104490,0.000000,0.000000,1,117.15
80.785,25.000,0.624132,0.628262,0.620001,-0.008260,0.000000,0.000000,1,92.16
80.785,25.000,0.106410,0.065578,0.147241,0.081663,0.000000,0.000000,1,73.41
80.785,25.000,0.486179,0.514548,0.457809,-0.056739,0.000000,0.000000,1,92.16
80.785,25.000,0.112631,0.117114,0.108148,-0.008967,0.000000,0.000000,1,117.15
80.785,25.000,0.565466,0.504918,0.626013,0.121094,0.000000,0.000000,1,92.16
80.785,25.000,0.094957,0.067101,0.122813,0.055711,0.000000,0.000000,1,73.41
80.785,25.000,0.154830,0.148608,0.161053,0.012445,0.000000,0.000000,1,117.15
80.785,30.000,0.115568,0.103545,0.127591,0.024046,0.000000,0.000000,1,71.88
80.785,30.000,0.156663,0.145912,0.167414,0.021502,0.000000,0.000000,1,118.75
80.785,30.000,0.624054,0.644658,0.603450,-0.041208,0.000000,0.000000,1,87.50
80.785,30.000,0.112942,0.102045,0.123839,0.021794,0.000000,0.000000,1,71.88
80.785,30.000,0.679404,0.663656,0.695152,0.031496,0.000000,0.000000,1,87.50
80.785,30.000,0.276952,0.303869,0.250036,-0.053834,0.000000,0.000000,1,118.75
80.785,30.000,0.666262,0.667383,0.665142,-0.002241,0.000000,0.000000,1,87.50
80.785,30.000,0.104616,0.086689,0.122544,0.035855,0.000000,0.000000,1,71.88
80.785,30.000,0.124330,0.086010,0.162650,0.076640,0.000000,0.000000,1,118.75
80.785,30.000,0.089191,0.087458,0.090924,0.003466,0.000000,0.000000,1,71.88
80.785,30.000,0.160002,0.199199,0.120805,-0.078394,0.000000,0.000000,1,73.45
80.785,30.000,0.096917,0.097788,0.096045,-0.001743,0.000000,0.000000,1,54.70
80.785,30.000,0.136843,0.135825,0.137860,0.002035,0.000000,0.000000,1,117.21
80.785,30.000,0.111636,0.106770,0.116502,0.009732,0.000000,0.000000,1,73.45
80.785,30.000,0.139888,0.144540,0.135237,-0.009302,0.000000,0.000000,1,117.21
80.785,30.000,0.134200,0.115320,0.153079,0.037759,0.000000,0.000000,1,54.70
80.785,30.000,0.201086,0.142133,0.260040,0.117907,0.000000,0.000000,1,117.21
80.785,30.000,0.121683,0.121587,0.121779,0.000192,0.000000,0.000000,1,73.45
80.785,30.000,0.104696,0.095641,0.113752,0.018112,0.000000,0.000000,1,54.70
80.785,30.000,0.118705,0.107864,0.129546,0.021683,0.000000,0.000000,1,54.70
80.000,30.000,0.131032,0.106566,0.155498,0.048932,0.000000,0.000000,1,71.60
80.000,30.000,0.157193,0.139988,0.174399,0.034412,0.000000,0.000000,1,71.60
80.000,30.000,0.165407,0.162524,0.168289,0.005765,0.000000,0.000000,1,71.60
80.000,30.000,0.112456,0.113224,0.111687,-0.001537,0.000000,0.000000,1,71.60
80.000,30.000,0.119255,0.122068,0.116443,-0.005625,0.000000,0.000000,1,71.60
80.000,30.000,0.141160,0.135675,0.146645,0.010970,0.000000,0.000000,1,54.70
80.000,30.000,0.136843,0.124908,0.148778,0.023870,0.000000,0.000000,1,54.70
80.000,30.000,0.130206,0.115242,0.145171,0.029928,0.000000,0.000000,1,54.70
80.000,30.000,0.127369,0.114228,0.140509,0.026281,0.000000,0.000000,1,54.70
80.000,30.000,0.123318,0.108407,0.138228,0.029821,0.000000,0.000000,1,54.70
80.000,30.000,0.158709,0.147043,0.170375,0.023332,0.000061,0.002042,3,54.70
80.000,30.000,0.152600,0.141733,0.163468,0.021735,0.008376,0.002633,3,54.70
80.000,30.000,0.153158,0.142072,0.164244,0.022172,0.004142,0.002124,3,54.70
29.535,29.349,0.044380,0.036126,0.052633,0.016506,0.000000,0.000000,1,54.70
29.326,29.570,0.100694,0.087477,0.113910,0.026432,0.000000,0.000000,1,54.70
30.000,30.000,0.071830,0.058165,0.085495,0.027330,0.000000,0.000000,1,54.70
30.000,30.000,0.066466,0.054314,0.078617,0.024303,0.000000,0.000000,1,54.70
30.000,30.000,0.053723,0.041405,0.066041,0.024636,0.000000,0.000000,1,54.70
30.000,30.000,0.048463,0.036853,0.060072,0.023220,0.000000,0.000000,1,54.70
29.552,29.338,0.066956,0.054021,0.079892,0.025871,0.000000,0.000000,1,54.70
30.000,30.000,0.075608,0.051340,0.099875,0.048535,0.000000,0.000000,1,54.70
90.000,30.000,-0.110638,-0.158380,-0.062895,0.095485,0.000000,0.000000,1,54.70
90.000,30.000,0.098160,0.085024,0.111296,0.026271,0.000000,0.000000,1,54.70
90.000,30.000,0.091247,0.077469,0.105025,0.027557,0.000000,0.000000,1,54.70
90.000,30.000,0.088067,0.072278,0.103856,0.031578,0.000000,0.000000,1,54.70
90.000,30.000,0.092189,0.081835,0.102543,0.020709,0.000000,0.000000,1,54.70
60.000,60.000,0.068770,0.059292,0.078249,0.018957,0.000000,0.000000,1,54.70
60.507,60.619,0.050472,0.038738,0.062207,0.023468,0.000000,0.000000,1,54.70
59.711,60.746,0.068810,0.061075,0.076545,0.015470,0.000000,0.000000,1,54.70
59.319,59.581,0.050299,0.037140,0.063457,0.026317,0.000000,0.000000,1,54.70
60.000,60.000,0.062457,0.049908,0.075006,0.025098,0.000000,0.000000,1,54.70
30.000,90.000,0.065373,0.052640,0.078105,0.025465,0.000000,0.000000,1,54.70
30.000,90.000,0.133318,0.187880,0.078755,-0.109125,0.000000,0.000000,1,54.70
29.507,89.370,0.080672,0.069299,0.092046,0.022748,0.000000,0.000000,1,54.70
30.000,90.000,0.068613,0.056546,0.080679,0.024132,0.000000,0.000000,1,54.70
30.000,90.000,0.075456,0.067516,0.083397,0.015881,0.000000,0.000000,1,54.70
90.000,90.000,0.095517,0.082475,0.108559,0.026084,0.000000,0.000000,1,54.70
90.000,90.000,0.098999,0.091980,0.106018,0.014038,0.000000,0.000000,1,54.70
90.000,90.000,0.103746,0.097040,0.110451,0.013411,0.000000,0.000000,1,54.70
90.000,90.000,0.079362,0.071004,0.087719,0.016715,0.000000,0.000000,1,54.70
90.000,90.000,0.095792,0.079489,0.112095,0.032607,0.000000,0.000000,1,54.70
30.000,20.000,1.901444,1.859910,1.942979,0.083069,0.000000,0.000000,1,54.70,verify00227.csv
30.000,20.000,0.016275,0.001939,0.030612,0.028674,0.000000,0.000000,1,54.70,verify00228.csv
30.000,20.000,0.018586,0.007805,0.029368,0.021563,0.000000,0.000000,1,54.70,verify00229.csv
30.000,20.000,0.018333,0.008109,0.028557,0.020448,0.000000,0.000000,1,54.70,verify00230.csv
29.990,20.800,0.023971,0.011454,0.036488,0.025034,0.000000,0.000000,1,54.70,verify00232.csv
60.000,20.000,0.072739,0.062613,0.082865,0.020251,0.000000,0.000000,1,54.70,verify00233.csv
60.000,20.000,0.067571,0.056118,0.079024,0.022906,0.000000,0.000000,1,54.70,verify00234.csv
60.000,20.000,0.067193,0.056869,0.077517,0.020648,0.000000,0.000000,1,54.70,verify00235.csv
60.000,20.000,0.075201,0.068900,0.081502,0.012602,0.000000,0.000000,1,54.70,verify00236.csv
59.286,19.640,0.043947,0.030275,0.057619,0.027343,0.000000,0.000000,1,54.70,verify00240.csv
90.000,20.000,0.112064,0.102560,0.121568,0.019008,0.000000,0.000000,1,54.70,verify00241.csv
90.000,20.000,0.111943,0.103840,0.120047,0.016207,0.000000,0.000000,1,54.70,verify00242.csv
90.000,20.000,0.113341,0.106400,0.120281,0.013881,0.000000,0.000000,1,54.70,verify00243.csv
90.000,20.000,0.106138,0.091963,0.120312,0.028349,0.000000,0.000000,1,54.70,verify00244.csv
90.000,20.000,0.109710,0.095961,0.123460,0.027500,0.000000,0.000000,1,54.70,verify00245.csv
30.000,45.000,-0.058564,-0.080813,-0.036315,0.044498,0.000000,0.000000,1,54.70,verify00247.csv
30.000,45.000,0.056774,0.046083,0.067464,0.021382,0.000000,0.000000,1,54.70,verify00248.csv
30.000,45.000,0.131875,0.180960,0.082789,-0.098171,0.000000,0.000000,1,54.70,verify00249.csv
30.000,45.000,0.065692,0.054180,0.077204,0.023024,0.000000,0.000000,1,54.70,verify00250.csv
30.000,45.000,0.135340,0.194860,0.075820,-0.119040,0.000000,0.000000,1,54.70,verify00251.csv
60.000,45.000,0.087343,0.074369,0.100318,0.025949,0.000000,0.000000,1,54.70,verify00252.csv
59.290,44.631,0.079256,0.067829,0.090682,0.022853,0.000000,0.000000,1,54.70,verify00255.csv
60.000,45.000,0.084071,0.072220,0.095922,0.023703,0.000000,0.000000,1,54.70,verify00258.csv
60.000,45.000,0.076140,0.062781,0.089499,0.026718,0.000000,0.000000,1,54.70,verify00259.csv
60.000,45.000,0.083126,0.069915,0.096336,0.026422,0.000000,0.000000,1,54.70,verify00262.csv
90.000,45.000,0.101386,0.090655,0.112118,0.021464,0.000000,0.000000,1,54.70,verify00264.csv
90.000,45.000,0.109106,0.111760,0.106452,-0.005308,0.000000,0.000000,1,54.70,verify00265.csv
90.000,45.000,0.099056,0.087811,0.110301,0.022490,0.000000,0.000000,1,54.70,verify00266.csv
90.000,45.000,0.094640,0.082188,0.107092,0.024904,0.000000,0.000000,1,54.70,verify00267.csv
90.000,45.000,0.097113,0.085167,0.109059,0.023892,0.000000,0.000000,1,54.70,verify00268.csv
30.000,70.000,0.097771,0.091340,0.104202,0.012862,0.000000,0.000000,1,54.70,verify00269.csv
30.798,69.940,0.085863,0.073219,0.098508,0.025289,0.000000,0.000000,1,54.70,verify00272.csv
30.000,70.000,0.096048,0.084823,0.107273,0.022450,0.000000,0.000000,1,54.70,verify00273.csv
30.000,70.000,0.096281,0.087005,0.105558,0.018553,0.000000,0.000000,1,54.70,verify00274.csv
30.000,70.000,0.093470,0.082927,0.104013,0.021086,0.000000,0.000000,1,54.70,verify00275.csv
60.000,70.000,0.193409,0.246840,0.139979,-0.106861,0.000000,0.000000,1,54.70,verify00277.csv
60.163,69.217,0.130776,0.117282,0.144270,0.026988,0.000000,0.000000,1,54.70,verify00279.csv
60.000,70.000,0.126448,0.113931,0.138964,0.025032,0.000000,0.000000,1,54.70,verify00280.csv
60.000,70.000,0.123757,0.110124,0.137390,0.027266,0.000000,0.000000,1,54.70,verify00281.csv
60.000,70.000,0.127728,0.114890,0.140566,0.025676,0.000000,0.000000,1,54.70,verify00282.csv
90.000,70.000,0.124128,0.115060,0.133195,0.018135,0.000000,0.000000,1,54.70,verify00283.csv
90.000,70.000,0.126616,0.115520,0.137711,0.022191,0.000000,0.000000,1,54.70,verify00284.csv
90.000,70.000,0.105657,0.070437,0.140877,0.070440,0.000000,0.000000,1,54.70,verify00285.csv
90.000,70.000,0.139853,0.131340,0.148366,0.017026,0.000000,0.000000,1,54.70,verify00286.csv
90.000,70.000,0.143977,0.130146,0.157809,0.027663,0.000000,0.000000,1,54.70,verify00289.csv
30.000,95.000,0.147876,0.189140,0.106613,-0.082527,0.000000,0.000000,1,54.70,verify00291.csv
30.000,95.000,0.100845,0.090173,0.111517,0.021344,0.000000,0.000000,1,54.70,verify00292.csv
30.000,95.000,0.100820,0.089101,0.112538,0.023437,0.000000,0.000000,1,54.70,verify00293.csv
30.511,95.616,0.030148,0.012403,0.047894,0.035491,0.000000,0.000000,1,54.70,verify00295.csv
30.000,95.000,0.098330,0.087038,0.109622,0.022584,0.000000,0.000000,1,54.70,verify00296.csv
90.000,95.000,0.114997,0.103578,0.126416,0.022838,0.000000,0.000000,1,54.70,verify00297.csv
90.000,95.000,0.117041,0.104095,0.129987,0.025892,0.000000,0.000000,1,54.70,verify00298.csv
89.283,94.645,0.111031,0.104480,0.117582,0.013102,0.000000,0.000000,1,54.70,verify00300.csv
90.000,95.000,0.115305,0.109480,0.121130,0.011650,0.000000,0.000000,1,54.70,verify00301.csv
90.000,95.000,0.114751,0.107300,0.122203,0.014903,0.000000,0.000000,1,54.70,verify00302.csv
75.000,85.000,0.120503,0.109639,0.131367,0.021728,0.000000,0.000000,1,54.70,verify00304.csv
75.000,85.000,0.120005,0.108656,0.131354,0.022698,0.000000,0.000000,1,54.70,verify00305.csv
75.000,85.000,0.119330,0.112620,0.126041,0.013421,0.000000,0.000000,1,54.70,verify00306.csv
75.000,85.000,0.130202,0.130480,0.129923,-0.000557,0.000000,0.000000,1,54.70,verify00307.csv
75.000,85.000,0.116689,0.105176,0.128202,0.023027,0.000000,0.000000,1,54.70,verify00308.csv
60.785,60.000,0.012963,-0.010386,0.036311,0.046697,0.000000,0.000000,1,72.06,verify00309.csv
60.785,60.000,0.117466,0.200547,0.034385,-0.166162,0.000000,0.000000,1,93.99,verify00311.csv
60.785,60.000,0.582791,0.593189,0.572393,-0.020796,0.000000,0.000000,1,100.26,verify00313.csv
60.785,60.000,0.088286,0.089556,0.087016,-0.002539,0.000000,0.000000,1,87.73,verify00314.csv
60.785,60.000,-0.008838,-0.074331,0.056655,0.130986,0.000000,0.000000,1,72.06,verify00315.csv
60.785,60.000,0.125144,0.149536,0.100752,-0.048784,0.000000,0.000000,1,87.73,verify00316.csv
60.785,60.000,0.128418,0.051393,0.205442,0.154049,0.000000,0.000000,1,93.99,verify00318.csv
60.785,60.000,0.577417,0.636160,0.518675,-0.117485,0.000000,0.000000,1,100.26,verify00320.csv
60.785,60.000,0.091372,0.081915,0.100829,0.018914,0.000000,0.000000,1,87.73,verify00322.csv
60.785,60.000,-0.055507,-0.152598,0.041585,0.194183,0.000000,0.000000,1,72.06,verify00323.csv
60.785,60.000,0.085452,0.052000,0.118904,0.066904,0.000000,0.000000,1,93.99,verify00324.csv
30.000,45.000,0.021136,0.011459,0.030812,0.019353,0.008558,0.003920,5,72.10,verify00325.csv
30.000,45.000,0.015174,0.003045,0.027304,0.024259,0.004835,0.004309,5,72.10,verify00326.csv
30.000,45.000,0.013102,0.000798,0.025405,0.024607,0.003292,0.010903,5,72.10,verify00327.csv
30.000,45.000,0.015194,0.000243,0.030146,0.029903,0.004785,0.005028,5,72.10,verify00328.csv
30.000,45.000,0.016406,0.000834,0.031978,0.031143,0.001946,0.004208,5,72.10,verify00329.csv
60.000,60.000,0.029793,0.016849,0.042737,0.025888,0.013406,0.015838,5,72.10,verify00330.csv
60.000,60.000,0.067621,0.059296,0.075946,0.016650,0.011153,0.011458,5,72.10,verify00331.csv
60.000,60.000,0.082104,0.070087,0.094121,0.024034,0.019880,0.013717,5,72.10,verify00332.csv
60.000,60.000,0.083258,0.071523,0.094992,0.023470,0.006226,0.002632,5,72.10,verify00333.csv
59.202,60.054,0.103496,0.095968,0.111023,0.015055,0.047127,0.010357,5,72.10,verify00335.csv
90.000,45.000,0.052953,0.034294,0.071611,0.037317,0.022339,0.013066,5,72.10,verify00336.csv
90.000,45.000,0.080647,0.065713,0.095582,0.029869,0.013203,0.003651,5,72.10,verify00337.csv
90.000,45.000,0.081310,0.066848,0.095773,0.028925,0.008626,0.005650,5,72.10,verify00338.csv
90.000,45.000,0.077990,0.063187,0.092793,0.029606,0.006945,0.006056,5,72.10,verify00339.csv
90.000,45.000,0.081203,0.065431,0.096974,0.031544,0.008997,0.008180,5,72.10,verify00340.csv
60.000,20.000,0.058796,0.044329,0.073262,0.028933,0.013802,0.010003,5,72.10,verify00341.csv
60.661,19.550,0.025041,0.006514,0.043568,0.037054,0.023994,0.015655,5,72.10,verify00344.csv
60.799,19.957,0.024803,0.009843,0.039762,0.029919,0.025203,0.022135,5,72.10,verify00347.csv
60.000,20.000,0.045465,0.035566,0.055363,0.019798,0.018732,0.010362,5,72.10,verify00348.csv
60.000,20.000,0.081811,0.085716,0.077906,-0.007811,0.055021,0.064423,5,72.10,verify00349.csv
30.000,45.000,0.004192,-0.004690,0.013073,0.017763,0.034329,0.002664,3,72.10,verify00352.csv
30.000,45.000,0.026084,0.030044,0.022124,-0.007921,0.003120,0.006946,3,72.10,verify00353.csv
30.000,45.000,0.082904,0.102981,0.062828,-0.040152,0.184740,0.003973,3,72.10,verify00354.csv
30.000,45.000,0.129975,0.150382,0.109568,-0.040814,0.318330,0.165201,3,72.10,verify00355.csv
30.000,45.000,0.017389,0.008905,0.025874,0.016969,0.045703,0.004985,3,72.10,verify00356.csv
30.000,45.000,0.035237,0.019678,0.050796,0.031118,0.004464,0.001072,3,72.10,verify00357.csv
30.000,45.000,0.030698,0.014605,0.046791,0.032186,0.005285,0.004677,3,72.10,verify00358.csv
30.000,45.000,0.030614,0.016713,0.044515,0.027802,0.005176,0.003247,3,72.10,verify00359.csv
30.000,45.000,0.062671,0.055387,0.069955,0.014568,0.005325,0.006195,3,72.10,verify00360.csv
30.000,45.000,0.065734,0.055975,0.075494,0.019518,0.000924,0.002710,3,72.10,verify00361.csv
90.000,45.000,0.079200,0.059879,0.098521,0.038643,0.026799,0.007684,3,72.10,verify00362.csv
90.000,45.000,0.088839,0.070335,0.107344,0.037009,0.013076,0.006901,3,72.10,verify00363.csv
90.000,45.000,0.086119,0.067876,0.104361,0.036485,0.014647,0.010522,3,72.10,verify00364.csv
90.000,45.000,0.224289,0.201376,0.247202,0.045825,0.228724,0.121258,3,72.10,verify00365.csv
90.000,45.000,0.090279,0.073217,0.107341,0.034124,0.002682,0.010309,3,72.10,verify00366.csv
60.000,60.000,0.302864,0.247155,0.358573,0.111418,0.264922,0.098120,3,72.10,verify00367.csv
60.000,60.000,0.160178,0.214412,0.105944,-0.108468,0.246807,0.001039,3,72.10,verify00368.csv
60.000,60.000,0.168211,0.230342,0.106079,-0.124263,0.207498,0.018317,3,72.10,verify00369.csv
60.000,60.000,0.077254,0.057925,0.096584,0.038659,0.025744,0.006094,3,72.10,verify00370.csv
60.000,60.000,0.076806,0.053913,0.099699,0.045787,0.020803,0.002156,3,72.10,verify00371.csv
90.000,45.000,2.198413,2.191620,2.205206,0.013586,0.009478,0.024424,2,72.00,verify00372.csv
90.000,45.000,1.992564,1.979831,2.005298,0.025468,0.005209,0.003726,2,72.00,verify00373.csv
90.000,45.000,1.807492,1.841541,1.773443,-0.068098,0.006522,0.004643,2,72.00,verify00374.csv
90.000,45.000,1.864409,1.862981,1.865836,0.002855,0.015310,0.002995,2,87.70,verify00375.csv
90.000,45.000,1.966339,1.963634,1.969044,0.005410,0.003574,0.011571,2,87.70,verify00376.csv
90.000,45.000,1.077315,1.085840,1.068791,-0.017049,0.000452,0.037138,2,87.70,verify00377.csv
90.000,45.000,0.308263,0.323951,0.292576,-0.031375,0.016086,0.040375,2,98.60,verify00378.csv
90.000,45.000,0.324790,0.322133,0.327448,0.005315,0.025223,0.067540,2,98.60,verify00379.csv
90.000,45.000,0.247023,0.142777,0.351268,0.208492,0.041123,0.040943,2,98.60,verify00380.csv
60.000,60.000,0.044350,0.028806,0.059893,0.031088,0.005386,0.003579,2,73.60,verify00381.csv
60.000,60.000,0.111663,0.165537,0.057789,-0.107747,0.271567,0.005042,2,73.60,verify00382.csv
60.000,60.000,0.371945,0.373230,0.370660,-0.002569,0.009352,0.011995,2,73.60,verify00383.csv
60.000,60.000,0.680593,0.659999,0.701186,0.041187,0.075993,0.008657,2,98.60,verify00385.csv
60.000,60.000,0.200478,0.211109,0.189847,-0.021261,0.282090,0.179503,2,98.60,verify00387.csv
60.000,60.000,0.271065,0.195475,0.346656,0.151181,0.140793,0.028128,2,98.60,verify00389.csv
60.000,60.000,0.370529,0.348828,0.392230,0.043402,0.085925,0.010380,2,112.70,verify00390.csv
60.000,60.000,0.354639,0.350514,0.358765,0.008252,0.045275,0.036267,2,112.70,verify00391.csv
60.000,60.000,0.353324,0.378286,0.328362,-0.049924,0.034150,0.140396,2,112.70,verify00392.csv
60.000,60.000,0.106456,0.165495,0.047416,-0.118079,0.267371,0.005280,2,73.60,verify00393.csv
60.000,60.000,0.039377,0.034032,0.044721,0.010688,0.002395,0.002742,2,73.60,verify00394.csv
60.000,60.000,0.034486,0.007278,0.061694,0.054415,0.018381,0.007779,2,73.60,verify00395.csv
60.000,60.000,0.284074,0.254582,0.313565,0.058984,0.174452,0.026894,2,98.60,verify00396.csv
60.000,60.000,0.281052,0.273745,0.288358,0.014613,0.032337,0.042684,2,98.60,verify00397.csv
60.000,60.000,0.065097,0.061290,0.068905,0.007615,0.003996,0.000872,2,112.70,verify00399.csv
60.000,60.000,0.053801,0.040851,0.066750,0.025898,0.039323,0.003341,2,112.70,verify00400.csv
60.000,60.000,0.070074,0.067315,0.072833,0.005518,0.002677,0.000821,2,112.70,verify00401.csv
60.000,60.000,0.309066,0.315183,0.302948,-0.012235,0.032633,0.024814,2,112.70,verify00402.csv
60.000,60.000,0.281015,0.321314,0.240715,-0.080599,0.088674,0.232672,2,112.70,verify00403.csv
60.000,60.000,0.320775,0.308743,0.332806,0.024063,0.012878,0.009696,2,112.70,verify00404.csv
60.000,60.000,0.066407,0.058415,0.074398,0.015983,0.000854,0.000118,2,112.70,verify00405.csv
60.000,60.000,0.360847,0.352435,0.369259,0.016824,0.005423,0.035833,2,112.70,verify00406.csv
60.000,60.000,0.325739,0.338640,0.312837,-0.025802,0.008611,0.059167,2,112.70,verify00407.csv
60.000,60.000,0.692333,0.727433,0.657233,-0.070199,0.015928,0.048339,2,112.70,verify00408.csv
60.000,60.000,0.312560,0.313118,0.312003,-0.001115,0.019175,0.050846,2,112.70,verify00409.csv
60.000,60.000,1.504888,1.530084,1.479693,-0.050391,0.030763,0.085469,2,112.70,verify00410.csv
60.000,60.000,1.908207,1.924684,1.891731,-0.032953,0.030700,0.011159,2,112.70,verify00411.csv
90.000,45.000,0.311234,0.326302,0.296167,-0.030135,0.000120,0.007540,2,112.70,verify00412.csv
90.000,45.000,0.378834,0.379819,0.377849,-0.001970,0.024986,0.018844,2,112.70,verify00413.csv
90.000,45.000,0.393517,0.393309,0.393726,0.000416,0.010580,0.008896,2,112.70,verify00414.csv
90.000,45.000,0.291123,0.254740,0.327506,0.072766,0.050319,0.026921,2,112.70,verify00415.csv
90.000,45.000,0.257159,0.226067,0.288252,0.062184,0.222002,0.102636,2,112.70,verify00416.csv
90.000,45.000,0.375988,0.374124,0.377851,0.003727,0.006870,0.020883,2,112.70,verify00417.csv
30.000,70.000,0.090659,0.082074,0.099244,0.017170,0.005079,0.001555,2,112.70,verify00418.csv
30.000,70.000,0.050360,0.050081,0.050639,0.000558,0.000633,0.022587,2,112.70,verify00419.csv
30.000,70.000,0.265955,0.297901,0.234010,-0.063891,0.151964,0.263635,2,112.70,verify00420.csv
30.000,70.000,0.049010,0.050752,0.047268,-0.003484,0.002503,0.025603,2,112.70,verify00421.csv
30.000,70.000,0.091027,0.075849,0.106205,0.030356,0.001562,0.001481,2,112.70,verify00422.csv
30.000,70.000,0.061944,0.054285,0.069603,0.015318,0.003725,0.003168,2,112.70,verify00423.csv
60.000,45.000,0.175224,0.111387,0.239061,0.127674,0.122191,0.066445,2,112.70,verify00424.csv
60.000,45.000,0.163814,0.254939,0.072689,-0.182250,0.062786,0.001425,2,112.70,verify00425.csv
60.000,45.000,0.096326,0.048618,0.144035,0.095417,0.006621,0.149747,2,112.70,verify00426.csv
60.000,45.000,0.066607,0.055719,0.077494,0.021776,0.000899,0.000410,2,112.70,verify00427.csv
60.000,45.000,0.149385,0.234323,0.064447,-0.169877,0.166139,0.003889,2,112.70,verify00428.csv
60.000,45.000,0.197326,0.197210,0.197443,0.000232,0.310678,0.260845,2,112.70,verify00429.csv
90.000,70.000,0.105772,0.097298,0.114247,0.016950,0.002917,0.000144,2,112.70,verify00430.csv
90.000,70.000,0.107986,0.100308,0.115663,0.015355,0.000803,0.000192,2,112.70,verify00431.csv
90.000,70.000,0.127424,0.121949,0.132900,0.010951,0.001187,0.004536,2,112.70,verify00432.csv
90.000,70.000,0.137610,0.125906,0.149314,0.023408,0.000980,0.003240,2,112.70,verify00433.csv
90.000,70.000,0.135674,0.126851,0.144498,0.017647,0.000762,0.000304,2,112.70,verify00434.csv
90.000,70.000,0.136794,0.127967,0.145621,0.017654,0.000022,0.001887,2,112.70,verify00435.csv
75.000,85.000,0.128125,0.115819,0.140432,0.024613,0.000369,0.000001,2,112.70,verify00436.csv
75.000,85.000,0.127263,0.113067,0.141460,0.028393,0.000244,0.000069,2,112.70,verify00437.csv
75.000,85.000,0.125947,0.113846,0.138049,0.024203,0.000162,0.000169,2,112.70,verify00438.csv
75.000,85.000,0.127940,0.114039,0.141840,0.027801,0.000568,0.000624,2,112.70,verify00439.csv
75.000,85.000,0.126412,0.112305,0.140519,0.028214,0.001620,0.001054,2,112.70,verify00440.csv
75.000,85.000,0.124300,0.111335,0.137266,0.025931,0.001494,0.001368,2,112.70,verify00441.csv
60.000,45.000,0.250979,0.165330,0.336628,0.171299,0.009351,0.007773,2,112.70,verify00442.csv
60.000,45.000,0.138608,0.120949,0.156267,0.035318,0.076400,0.117176,2,112.70,verify00443.csv
30.000,70.000,0.099886,0.089068,0.110704,0.021636,0.003819,0.000128,2,112.70,verify00444.csv
30.000,70.000,0.089075,0.084633,0.093517,0.008884,0.001349,0.002149,2,112.70,verify00445.csv
30.000,70.000,0.086131,0.078260,0.094001,0.015740,0.009620,0.001314,2,112.70,verify00446.csv
30.000,70.000,0.075805,0.067351,0.084260,0.016909,0.001880,0.003333,2,112.70,verify00447.csv
30.000,70.000,0.072255,0.061070,0.083440,0.022370,0.000079,0.005065,2,112.70,verify00448.csv
30.000,70.000,0.092421,0.083196,0.101647,0.018450,0.003734,0.002611,2,112.70,verify00449.csv
30.000,70.000,0.090140,0.087744,0.092536,0.004793,0.000168,0.005703,2,112.70,verify00450.csv
60.000,45.000,0.086335,0.073892,0.098779,0.024887,0.000438,0.002548,2,112.70,verify00451.csv
60.000,45.000,0.087412,0.073747,0.101077,0.027330,0.005880,0.000617,2,112.70,verify00452.csv
60.000,45.000,0.088211,0.077840,0.098582,0.020742,0.008994,0.002745,2,112.70,verify00453.csv
60.000,45.000,0.079801,0.067013,0.092590,0.025577,0.003335,0.000811,2,112.70,verify00454.csv
60.000,45.000,0.083243,0.069738,0.096748,0.027010,0.006072,0.011153,2,112.70,verify00455.csv
60.000,45.000,0.100747,0.069627,0.131866,0.062239,0.007190,0.078347,2,112.70,verify00456.csv
60.000,45.000,0.081608,0.070729,0.092488,0.021759,0.001320,0.001930,2,112.70,verify00457.csv
90.000,70.000,0.135128,0.125339,0.144917,0.019579,0.001369,0.004902,2,112.70,verify00458.csv
90.000,70.000,0.171636,0.124873,0.218399,0.093526,0.002110,0.147083,2,112.70,verify00459.csv
90.000,70.000,0.136916,0.125065,0.148768,0.023703,0.003689,0.003276,2,112.70,verify00460.csv
90.000,70.000,0.185022,0.124193,0.245852,0.121659,0.000481,0.208064,2,112.70,verify00461.csv
90.000,70.000,0.137259,0.125986,0.148532,0.022546,0.000310,0.001743,2,112.70,verify00462.csv
90.000,70.000,0.150735,0.158499,0.142970,-0.015528,0.073660,0.000473,2,112.70,verify00463.csv
90.000,70.000,0.127206,0.117660,0.136751,0.019091,0.000743,0.001358,2,112.70,verify00464.csv
75.000,85.000,0.122021,0.111318,0.132724,0.021407,0.000332,0.002224,2,112.70,verify00465.csv
75.000,85.000,0.123333,0.111028,0.135639,0.024611,0.002051,0.000312,2,112.70,verify00466.csv
75.000,85.000,0.122366,0.110651,0.134081,0.023430,0.001378,0.001189,2,112.70,verify00467.csv
75.000,85.000,0.122593,0.111263,0.133923,0.022661,0.000075,0.000146,2,112.70,verify00468.csv
75.000,85.000,0.123071,0.110760,0.135383,0.024623,0.000145,0.000775,2,112.70,verify00469.csv
75.000,85.000,0.119665,0.110009,0.129322,0.019313,0.001752,0.000612,2,112.70,verify00470.csv
75.000,85.000,0.121987,0.110374,0.133600,0.023226,0.001554,0.001492,2,112.70,verify00471.csv
75.000,85.000,0.108844,0.108844,0.125031,0.016187,0.002498,0.003194,2,112.70,verify00472.csv
75.000,85.000,0.108926,0.108926,0.130324,0.021398,0.000410,0.000179,2,112.70,verify00473.csv
75.000,85.000,0.106370,0.106370,0.123237,0.016868,0.001163,0.002977,2,112.70,verify00474.csv
75.000,85.000,0.107294,0.107294,0.128377,0.021083,0.003531,0.002099,2,112.70,verify00475.csv
75.000,85.000,0.108594,0.108594,0.127968,0.019374,0.001865,0.003481,2,112.70,verify00476.csv
75.000,85.000,0.107860,0.107860,0.129468,0.021608,0.001367,0.002763,2,112.70,verify00477.csv
75.000,85.000,0.108833,0.108833,0.128190,0.019357,0.000012,0.000633,2,112.70,verify00478.csv
90.000,70.000,0.104436,0.104436,0.120860,0.016424,0.001118,0.001587,2,112.70,verify00479.csv
90.000,70.000,0.102635,0.102635,0.124910,0.022276,0.000016,0.004128,2,112.70,verify00480.csv
90.000,70.000,0.104216,0.104216,0.124744,0.020528,0.000456,0.003328,2,112.70,verify00481.csv
90.000,70.000,0.102669,0.102669,0.119176,0.016507,0.002432,0.002141,2,112.70,verify00482.csv
90.000,70.000,0.104316,0.104316,0.123040,0.018724,0.001604,0.003032,2,112.70,verify00483.csv
90.000,70.000,0.104052,0.104052,0.125493,0.021440,0.001724,0.000617,2,112.70,verify00484.csv
90.000,70.000,0.104341,0.104341,0.118510,0.014169,0.001743,0.003627,2,112.70,verify00485.csv
60.000,45.000,0.058743,0.058743,0.063039,0.004296,0.002577,0.003611,2,112.70,verify00486.csv
60.000,45.000,0.052579,0.052579,0.078887,0.026308,0.002418,0.001318,2,112.70,verify00487.csv
60.000,45.000,0.059830,0.059830,0.073699,0.013868,0.001919,0.001400,2,112.70,verify00488.csv
60.000,45.000,0.061022,0.061022,0.065964,0.004942,0.002259,0.002422,2,112.70,verify00489.csv
60.000,45.000,0.056697,0.056697,0.068151,0.011453,0.001524,0.000157,2,112.70,verify00490.csv
60.000,45.000,0.052616,0.052616,0.067387,0.014771,0.000639,0.006370,2,112.70,verify00491.csv
60.000,45.000,0.055900,0.055900,0.066703,0.010804,0.002581,0.000833,2,112.70,verify00492.csv
75.000,85.000,0.113527,0.113527,0.135706,0.022179,0.001047,0.000634,2,112.70,verify00493.csv
75.000,85.000,0.109348,0.109348,0.128577,0.019229,0.002143,0.002748,2,112.70,verify00494.csv
75.000,85.000,0.108512,0.108512,0.125463,0.016952,0.000068,0.000798,2,112.70,verify00495.csv
75.000,85.000,0.106748,0.106748,0.124543,0.017794,0.001252,0.001112,2,112.70,verify00496.csv
75.000,85.000,0.104156,0.104156,0.123044,0.018889,0.000429,0.002884,2,112.70,verify00497.csv
75.000,85.000,0.105799,0.105799,0.122609,0.016809,0.001853,0.001997,2,112.70,verify00498.csv
75.000,85.000,0.107853,0.107853,0.129542,0.021689,0.001643,0.001666,2,112.70,verify00499.csv
90.000,70.000,0.106010,0.106010,0.122106,0.016097,0.001365,0.000743,2,112.70,verify00500.csv
90.000,70.000,0.105238,0.105238,0.121235,0.015997,0.000449,0.001201,2,112.70,verify00501.csv
90.000,70.000,0.108630,0.108630,0.118957,0.010327,0.001350,0.001314,2,112.70,verify00502.csv
90.000,70.000,0.105445,0.105445,0.118791,0.013346,0.002582,0.001342,2,112.70,verify00503.csv
90.000,70.000,0.101948,0.101948,0.124280,0.022333,0.001724,0.000848,2,112.70,verify00504.csv
90.000,70.000,0.103131,0.103131,0.108957,0.005827,0.000198,0.000426,2,112.70,verify00505.csv
90.000,70.000,0.102985,0.102985,0.108542,0.005556,0.000665,0.000009,2,112.70,verify00506.csv
60.000,45.000,0.053954,0.053954,0.076086,0.022132,0.000295,0.000849,2,112.70,verify00507.csv
60.000,45.000,0.058404,0.058404,0.081631,0.023227,0.004153,0.000802,2,112.70,verify00508.csv
60.000,45.000,0.056874,0.056874,0.072501,0.015626,0.000132,0.000060,2,112.70,verify00509.csv
60.000,45.000,0.051559,0.051559,0.068808,0.017249,0.002267,0.002492,2,112.70,verify00510.csv
60.000,45.000,0.054927,0.054927,0.069756,0.014829,0.001712,0.000073,2,112.70,verify00511.csv
60.000,45.000,0.057296,0.057296,0.070450,0.013153,0.001139,0.001565,2,112.70,verify00512.csv
60.000,45.000,0.055346,0.055346,0.071316,0.015970,0.000742,0.000374,2,112.70,verify00513.csv
75.000,85.000,0.110754,0.110754,0.129012,0.018258,0.000292,0.000988,2,112.70,verify00514.csv
75.000,85.000,0.112151,0.112151,0.126087,0.013936,0.004285,0.001799,2,112.70,verify00515.csv
75.000,85.000,0.105457,0.105457,0.122087,0.016631,0.001972,0.000843,2,112.70,verify00516.csv
75.000,85.000,0.109942,0.109942,0.123406,0.013464,0.000423,0.000265,2,112.70,verify00517.csv
75.000,85.000,0.115424,0.115424,0.133006,0.017582,0.002924,0.002084,2,112.70,verify00518.csv
75.000,85.000,0.108567,0.108567,0.123260,0.014693,0.003798,0.000404,2,112.70,verify00519.csv
75.000,85.000,0.108828,0.108828,0.123879,0.015051,0.001951,0.001157,2,112.70,verify00520.csv
75.000,85.000,0.107265,0.107265,0.125777,0.018513,0.000714,0.001436,2,112.70,verify00521.csv
75.000,85.000,0.107881,0.107881,0.125154,0.017273,0.003565,0.000590,2,112.70,verify00522.csv
75.000,85.000,0.107016,0.107016,0.125806,0.018790,0.001458,0.000367,2,112.70,verify00523.csv
75.000,85.000,0.105377,0.105377,0.121736,0.016359,0.003302,0.001425,2,112.70,verify00524.csv
75.000,85.000,0.106741,0.106741,0.120140,0.013399,0.001709,0.002174,2,112.70,verify00525.csv
75.000,85.000,0.105476,0.105476,0.121792,0.016316,0.003442,0.000429,2,112.70,verify00526.csv
75.000,85.000,0.100326,0.100326,0.118566,0.018241,0.002090,0.000810,2,112.70,verify00527.csv
90.000,70.000,0.108702,0.108702,0.130676,0.021973,0.000127,0.001830,2,112.70,verify00528.csv
90.000,70.000,0.106303,0.106303,0.121394,0.015091,0.001779,0.000518,2,112.70,verify00529.csv
90.000,70.000,0.105630,0.105630,0.118941,0.013311,0.001503,0.000265,2,112.70,verify00530.csv
90.000,70.000,0.106929,0.106929,0.127944,0.021014,0.003464,0.001244,2,112.70,verify00531.csv
90.000,70.000,0.105407,0.105407,0.118006,0.012599,0.002358,0.001512,2,112.70,verify00532.csv
90.000,70.000,0.107118,0.107118,0.126015,0.018897,0.001378,0.002177,2,112.70,verify00533.csv
90.000,70.000,0.104753,0.104753,0.119295,0.014541,0.003156,0.000050,2,112.70,verify00534.csv
90.000,70.000,0.105789,0.105789,0.117614,0.011825,0.000621,0.000508,2,112.70,verify00535.csv
90.000,70.000,0.104095,0.104095,0.114123,0.010027,0.002115,0.003369,2,112.70,verify00536.csv
90.000,70.000,0.104230,0.104230,0.115912,0.011683,0.002046,0.000098,2,112.70,verify00537.csv
90.000,70.000,0.105544,0.105544,0.121974,0.016429,0.001135,0.001221,2,112.70,verify00538.csv
90.000,70.000,0.106107,0.106107,0.115557,0.009450,0.001788,0.000343,2,112.70,verify00539.csv
90.000,70.000,0.105308,0.105308,0.118210,0.012902,0.001159,0.001464,2,112.70,verify00540.csv
90.000,70.000,0.108140,0.108140,0.124140,0.016000,0.000704,0.000683,2,112.70,verify00541.csv
60.000,45.000,0.060082,0.060082,0.069922,0.009839,0.001652,0.001445,2,112.70,verify00542.csv
60.000,45.000,0.060066,0.060066,0.071480,0.011413,0.001918,0.000320,2,112.70,verify00543.csv
60.000,45.000,0.061542,0.061542,0.081318,0.019776,0.002838,0.001506,2,112.70,verify00544.csv
60.000,45.000,0.060873,0.060873,0.081091,0.020218,0.002883,0.002991,2,112.70,verify00545.csv
60.000,45.000,0.061269,0.061269,0.079128,0.017859,0.001079,0.000034,2,112.70,verify00546.csv
60.000,45.000,0.060378,0.060378,0.079777,0.019399,0.003268,0.000382,2,112.70,verify00547.csv
60.000,45.000,0.060217,0.060217,0.070595,0.010378,0.002181,0.000216,2,112.70,verify00548.csv
60.000,45.000,0.058428,0.058428,0.075225,0.016797,0.002386,0.000312,2,112.70,verify00549.csv
60.000,45.000,0.068023,0.068023,0.080820,0.012796,0.001958,0.002842,2,112.70,verify00550.csv
60.000,45.000,0.061652,0.061652,0.074139,0.012487,0.002255,0.001403,2,112.70,verify00551.csv
60.000,45.000,0.060408,0.060408,0.081860,0.021451,0.003886,0.001785,2,112.70,verify00552.csv
60.000,45.000,0.059815,0.059815,0.078430,0.018614,0.004942,0.000000,2,112.70,verify00553.csv
60.000,45.000,0.057441,0.057441,0.079104,0.021663,0.000911,0.000481,2,112.70,verify00554.csv
60.000,45.000,0.066531,0.066531,0.082082,0.015551,0.000783,0.001817,2,112.70,verify00555.csv
